"0","774","Killer clown female #ballpython #snakesofinstagram #reptile #reptiles #snake #ballpythonmorphs #ballpythonsofinstagram #snakes","2017-07-29","a6040e53-52c8-4fb9-8646-a9a56d1f916b.jpg"
"1","574","Available: Female killer clown. This girl is bright! Taking frozen thawed and will eat anything put in front of her. DM me if interested. Thanks #snakesofinstagram #snake #ballpython #ballpythonmorph #ballpythons #ballpythonmorph","2017-10-29","e2b4ad24-1dd2-4129-a1a3-fbbc7f28614c.jpg"
"2","558","Available: 2017 male clown. Please DM me if interested. Thanks! #ballpython #reptilesofinstagram #snakesofig #snakesofinstagram #snakes #reptiles #reptile #ballpythonsofinstagram #ballpythonmorph #ballpythonsofig","2017-08-13","4e9b1e83-3cb3-4590-bd3b-f3785e3d9616.jpg"
"3","526","Had an awesome clutch hatch out last night! OD enchi x OD enchi YB #ballpython #reptilesofinstagram #snakesofinstagram #ballpythons #ballpythonmorph #ballpythonsofig #ballpythonmorphs","2017-10-12","6ffc813a-a8bf-4d41-8deb-91b8fd7f169e.jpg"
"4","526","Killer clown female #ballpython #snake #reptile #snakesofinstagram #ballpythonsofinstagram #ballpythonmorph #reptiles #snake","2017-08-21","5b41570e-6160-48f5-b20b-c14b9f96098b.jpg"
"5","513","A good looking OD yb #ballpython #ballpythonsofinstagram #ballpythonmorph","2015-12-02","86e6afb8-fbb8-4a3f-9bc4-dcf33890f374.jpg"
"6","475","OD fire x ODYB spider clutch just hatched #ballpython #ballpythonofig #ballpythonmorph #snakes #reptiles #reptile #snake #ballpythonmorphs","2017-05-10","4cdc7448-e507-4eb6-bc7f-1f68605871ec.jpg"
"7","451","A cool super OD enchi YB male #ballpython #reptile #snake #ballpythonsofinstagram #ballpythonmorph #ballpythonmorphs","2017-12-12","1096cb69-0a3a-47e7-859b-edac867e059b.jpg"
"8","434","First time shed and fed on this little boy. I'm thinking he's the combo, super OD fire yb spider. #ballpython #snake #snakes #reptiles #snakesofinstagram #ballpythonmorphs #reptile","2017-05-24","92890c74-0614-4c3a-9916-0df20924f498.jpg"
"9","419","A couple more close ups #ballpython #snakesofinstagram #ballpythonmorphs #ballpythonmorph #ballpythonsofig #ballpythons","2017-10-12","246dfd3b-2eee-44b4-a9ca-2c2ea50a20cf.jpg"
"10","400","One of my favorites from the OD enchi x OD enchi yb clutch #ballpythons #ballpythonsofig #ballpythonmorph #ballpythonmorphs #snakesofinstagram #ballpython","2017-10-12","2f836f6c-5d7d-443c-aef0-d1eda007c720.jpg"
"11","395","This girl was looking pretty post first shed and meal. Super enchi OD spider #ballpython #reptiles #snakes #snakesofinstagram #snake #ballpythons #ballpythonmorphs","2017-11-01","de4a9467-3a61-432b-8c2a-2fb4f79a39ff.jpg"
"12","385","Love the look on this little stud #ballpython #ballpythonmorph #ballpythonsofinstagram #snake #reptile","2017-12-13","f0a48e6f-0262-4e2e-a0a7-3004d8f10654.jpg"
"13","381","Some cool clown hatchlings. Some came out unique looking! #ballpython #snakes #snake #reptiles #ballpythonmorphs #ballpythonsofinstagram #reptile","2017-07-11","28b5ce11-2a6f-4d12-88a5-b52a4fba4ee6.jpg"
"14","344","2016 killer clown male #ballpython #snakes #reptiles #ballpythonsofinstagram #snakesofinstagram","2016-12-26","906373bd-e5c2-4981-a184-c35ac53eb552.jpg"
"15","341","Pastel clown cutie #ballpython #snakes #reptiles","2016-12-10","936b3c5c-ccc3-4a56-bdbf-f30ebd2cf9a5.jpg"
"16","337","Available 2016 450g pastel clown male. DM me if interested! Thanks #ballpythons #ballpython #snakes #reptiles #ballpythonsofinstagram","2017-01-21","de6ea961-c080-4195-b1fb-355cf15c26a2.jpg"
"17","328","OD Fire x OD YB spider. Hopefully a few super OD combos are cooking
#ballpython #ballpythonsofinstagram #reptilesofinstagram #snakes #reptiles","2017-03-22","873823a1-01c2-477f-92b2-4e4f34ad0e4a.jpg"
"18","299","Clown #ballpython #snake #snakesofinstagram #reptile","2016-01-31","3366075a-aded-4a30-a425-c8eb7f5444b9.jpg"
"19","295","2016 killer clown male weighing 440grams. He is now available if anyone needs one! Shoot me a PM if interested.
#ballpython #ballpythonsofinstagram #snakesofinstagram #reptilesofinstagram #reptiles #snakes #reptiles","2017-04-05","df3b08f9-173f-46e8-8851-0c1ed0cac560.jpg"
"20","295","Killer clown hatchling #ballpython #ballpythonmorphs #ballpythonsofinstagram #snake #reptile #snakesofinstagram #reptiles #reptilesofinstagram","2016-07-27","4e98c5fc-6cb5-4a64-8ceb-7026c8be3c2a.jpg"
"21","284","Available: 2016 male pastel clown 450g+. A perfect eater. Please DM me if interested. Thanks! #ballpythonsofinstagram #ballpython #snakes #reptiles #ballpythons","2017-02-27","c3c2ace6-385a-4a9b-a497-e6a178d2bc21.jpg"
"22","273","2016 OD pastel female
#ballpython #ballpythonsofinstagram #snakes #reptiles","2016-10-29","d5e769f4-9c3f-4f2d-ba72-da959935fb1d.jpg"
"23","271","2015 OD pastel sister hold backs #ballpython #ballpythonsofinstagram #ballpythonmorph #snake","2016-01-31","3dcd4be6-78ea-453d-ac77-17a99b3e2d68.jpg"
"24","263","Dream bee #ballpython #snakesofinstagram","2015-05-29","a18d9201-6344-4708-81a7-fbf420e2b56a.jpg"
"25","245","Handful of banana spiders #ballpython #ballpythonsofinstagram #snake #snakes #reptilesofinstagram #reptile #ballpythonmorphs","2016-09-19","b5d6e766-8273-4619-a586-cba15bdafcb2.jpg"
"26","245","Love this chubby little guy. Killer clown #ballpython #snake #ballpython #reptile #reptilesofinstagram","2015-12-30","873c59b1-fa8a-42e3-a891-b5de17aaa155.jpg"
"27","232","Pastel clown. Too bad he's not a she. #ballpython #snakesofinstagram #snakes #reptiles","2016-12-22","4821d24c-308c-4436-bc4f-26ab3fed7a94.jpg"
"28","232","2015 Clown female #ballpython #ballpythonsofinstagram #snake #reptiles","2016-10-18","0c5c3477-2e89-4fc9-a6b1-94f74c855bb4.jpg"
"29","230","A better look of the 1.1 pastel clowns #ballpython #ballpythonmorph #snakes #snakesofinstagram #snake #reptile #reptilesofinstagram #reptiles #ballpythonsofig","2016-08-11","5a0df79a-aacb-41a2-b7ea-9850dab7caeb.jpg"
"30","227","Lemonback line fire female #ballpython #ballpythonsofinstagram","2015-11-24","5f9c5932-0469-462e-9ec9-0785dcabec53.jpg"
"31","224","A clean killer clown male #ballpython #snakesofinstagram #reptilesofinstagram #ballpythonmorph #snakes #reptiles","2016-09-04","c6897894-a856-471b-a9d1-7041879e7e18.jpg"
"32","224","OD spider coming along nicely #ballpython #snake #ballpythonsofinstagram","2015-12-30","2557519c-379f-4b88-af1a-5047a1be724b.jpg"
"33","217","Pied #ballpython #ballpythonmorphs #snake #snakesofinstagram #reptile","2016-03-18","aa1c7fdc-13ca-43ac-9f74-670f8d057e1a.jpg"
"34","214","Killer clown #ballpython #ballpythonmorphs #snake #reptile #snakesofinstagram","2016-05-16","ba9dfbb7-bd61-40a6-82cb-c1d17d68bc4a.jpg"
"35","212","Cute female banana hatchling #ballpython #ballpythonsofinstagram #ballpythonmorphs #snake #snakes #reptiles","2016-07-08","699c931d-1355-471b-9c18-8969a20797bf.jpg"
"36","212","A pretty pastel orange dream female #ballpython","2015-09-12","e105467c-70f0-467f-802a-aac2daf7c2f6.jpg"
"37","210","Enchi OD #ballpython #ballpythonmorphs","2016-05-23","7b9c0f5d-3535-431e-a187-cc89d8477c97.jpg"
"38","205","OD X pastel enchi hatchlings #ballpythons #reptilesofinstagram #ballpython #snakes #snakesofinstagram","2016-09-24","83482c1b-b6a3-48fe-9869-745a89ef4975.jpg"
"39","189","First shed on these OD Enchi sisters #ballpython #ballpythonsofinstagram #snake #reptiles","2016-10-15","0c3c8e70-66d4-413b-9b48-9ed40fc66c3c.jpg"
"40","189","OD enchi male #ballpython #ballpythonsofinstagram #snake #reptilesofinstagram","2016-01-01","3667852c-3587-46ab-9e8e-344b26037481.jpg"
"41","189","Albino spider female #ballpython #ballpythonsofinstagram #ballpythonmorph #snake","2015-11-28","f606f134-b5ee-4a75-a20d-1f0ccf8f2178.jpg"
"42","187","My last clutch hatching, which was a small retained clutch. It was a personal first for us. Hopefully some more killer clowns #ballpython #ballpythonsofinstagram #snakes #reptiles","2016-11-13","4e346a68-d111-43e3-8e91-5c78c51cfc5f.jpg"
"43","183","Hatched out some neat banana spiders #ballpython #ballpythonmorphs #reptiles #snake #snakesofinstagram","2016-09-10","0cda719a-3b2a-4a30-9c37-ad717d263d53.jpg"
"44","181","2015 Orange dream hold back female #ballpython #ballpythonmorphs #snake #snakes #reptile","2016-06-08","df35e436-59e4-480d-a657-39303a24b49d.jpg"
"45","180","2015 OD spider #ballpython #snake #ballpythonsofinstagram #snakesofinstagram #reptile #reptiles","2016-04-18","7c5a5d6e-4c54-42f9-9f86-9dcc95a9035b.jpg"
"46","178","Trio of cuteness. Clown combos. #ballpython #ballpythonsofinstagram #snake #snakesofinstagram #motionreptiles #reptilesofinstagram #reptile","2015-11-14","dad774f7-ee65-4b1c-8cc5-46f2a4d8473f.jpg"
"47","177","Pied #ballpython #ballpythonmorphs #snake #snakes #reptile #reptile #ballpython","2016-06-14","e691d208-c5c8-4a60-bf53-475fde9bc35a.jpg"
"48","167","Clown female putting on some size #ballpython #snake #ballpythonofinstagram #ballpythonmorphs #reptile #reptiles","2016-05-01","214bfbdb-524c-4932-95a8-6e2f40e4578b.jpg"
"49","167","2014 pastel clown #ballpython #snakesofinstagram","2015-10-05","1f1cfafe-7364-4ba7-a495-9ff0c652adaf.jpg"
"50","166","Pied #ballpython","2015-09-07","e0150a30-0b84-43c2-a6ab-0544a0aad8e7.jpg"
"51","165","Killer and pastel clown hatchlings #ballpython #ballpythonmorphs #ballpythonsofinstagram #snake #snakes #snakesofinstagram #reptile #reptiles #reptilesofinstagram","2016-07-27","afdf9750-420c-4f42-9b3d-289faa773884.jpg"
"52","165","Ended up with 2 OD enchis and 2 ODs. Happy with the odds for 6 eggs #ballpython #snakesofinstagram #snake #motionreptiles","2015-10-31","139ef3be-6da0-4a9d-842f-ed6ba8b0cfaf.jpg"
"53","164","2013 female ivory #ballpython #ballpythonsofinstagram #snake #snakesofinstagram","2015-12-16","b5f53ed0-87b2-491d-a773-934caa78c685.jpg"
"54","164","Orange dream spider #ballpython #snakesofinstagram","2015-10-25","72b8d142-af24-4b4d-8da0-a64258d9f465.jpg"
"55","162","Some clean ODYB hatchlings #ballpython #ballpythonsofinstagram #snake #reptiles","2016-09-18","79e0472c-7e30-43f7-b13e-862ea8ea66ae.jpg"
"56","162","Pastel OD female coming along nicely #ballpython #ballpythonsofinstagram #ballpythonmorph","2015-12-01","fa361d1e-d565-4185-a157-04e885bedbde.jpg"
"57","161","This guy got busy real fast, 2 mins after intro. Banana X pastave #ballpython #ballpythonsofinstagram #snake #reptile","2015-12-25","9f8771f8-dc01-4a2b-b216-353778d3d7b1.jpg"
"58","159","Just hatched out a couple of nice pastel clowns today #ballpython #ballpythonmorph #snakes #snakesofinstagram #snake #reptilesofinstagram #reptile","2016-08-11","59ef0f35-e1f1-4494-9583-5bc17a1e0b2e.jpg"
"59","155","Pastel clown X pastel het clown. Hopefully there's a good amount of killers in this clutch #ballpython #ballpythonmorphs #snakes #reptiles #reptile #snakesofinstagram","2016-05-26","3abbb1b8-6b38-42b7-a5d1-5b62d9ee3f5e.jpg"
"60","154","A cool looking 2015 male orange dream #ballpython #ballpythonmorph #ballpythonsofinstagram","2015-11-28","25395f5f-acc1-445b-846b-8b56843a3eff.jpg"
"61","154","Clown female post first shed. She's staying right here #ballpython #ballpythonsofinstagram","2015-11-16","e378758b-df5e-4462-aacf-1613df9e3d2c.jpg"
"62","152","Orange dream pastel female with a fresh shed #ballpython #ballpythonsofinstagram","2015-12-15","753ffc9b-f109-4882-9e24-12a43752e5b3.jpg"
"63","151","Little clown female #ballpython #ballpythonsofinstagram #snake #snakesofinstagram #reptile","2015-12-18","317214f0-6caf-42dd-8cad-2228b4522ea7.jpg"
"64","150","2015 orange dream female #ballpython #ballpythonsofinstagram #snake #snakesofinstagram","2015-12-12","2a41657d-57c6-4a5e-b482-a5aca091f73b.jpg"
"65","149","2015 pastel clown #ballpython #ballpythonsofinstagram #snake #snakesofinstagram","2015-12-12","10c517e6-ceec-4f5e-84d7-8b55a51322b8.jpg"
"66","146","Killer clown was looking good this morning #ballpython #ballpythonsofinstagram #snake #snakesofinstagram","2015-11-27","b411adf2-337b-419b-85da-b86bc0df12bc.jpg"
"67","146","Clown hatchlings. One of my favorite bp morphs. #ballpython #snakesofinstagram #snake #ballpythonsofinstagram","2015-11-07","2969dd10-9efe-4a5b-986d-b0fc4af68a75.jpg"
"68","145","Cute killer clown hatchling #ballpython #ballpythonsofinstagram #snakesofinstagram #snake #reptilesofinstagram","2015-11-09","41ab9ac9-cf88-4ddf-a671-0aa46a7204a6.jpg"
"69","139","Pastel clown #ballpython #snake #ballpythonsofinstagram #snakesofinstagram","2015-11-09","d0586609-7153-42a5-aa0c-b30c58a99f0c.jpg"
"70","130","Orange dream X enchi clutch just hatched. Some nice ones! #ballpython #snakesofinstagram #snake","2015-10-30","0b891bcc-d458-4a3a-94a6-4c0669085fc0.jpg"
"71","129","Wink wink #ballpython #ballpythonsofinstagram","2015-11-10","0baa047c-9485-4e3d-bcfb-d5efecdacca4.jpg"
"72","129","Pied #ballpython #ballpythonsofinstagram #snake #snakesofinstagram #reptile #reptilesofinstagram","2015-11-10","8bd750d4-e274-48b8-9ed2-5e573a12cdc6.jpg"
"73","125","I'm really happy with the way this OD enchi is coming along #ballpython #ballpythonsofinstagram","2015-11-23","6d231dbe-d9e7-44bb-b183-d6cdd214ce40.jpg"
"74","122","2013 Pastel clown getting his soak on #ballpython","2015-06-09","daee1414-33a6-487d-a12f-eeadb8a375cd.jpg"
"75","120","Orange dream enchi males #ballpython #ballpythonsofinstagram","2015-11-11","dda9deb9-1e0e-4d21-95e3-ad65adb83cbe.jpg"
"76","119","Ivory #ballpython","2015-08-27","a7667d4f-dd24-4d04-a8a1-65c7332e737f.jpg"
"77","118","Piebald #ballpython","2015-07-26","3d2cd619-a7c4-4ccb-9c85-8993cb990293.jpg"
"78","117","Male orange dream yellowbelly hatchling. A good looking one too #ballpython","2015-06-11","531ac58f-2f3b-4556-b968-12d991f6f7c5.jpg"
"79","108","Pastel clown #ballpython I hope he handled business with the female he was with","2015-04-25","cf65a23f-5a27-4d9a-b028-281dce1f7fe7.jpg"
"80","104","Banana #ballpython","2014-10-17","6e0746df-3e23-4d28-89ae-0358690f53aa.jpg"
"81","96","Pastel clown #ballpython","2014-12-22","a2b77dea-1650-405d-8c8b-5bb9260a3750.jpg"
"82","90","lesser yb x pastel clutch! #ballpython","2014-06-17","0090087b-0e72-4181-a2f2-7005faf8fdc5.jpg"
"83","85","Albino spider #ballpython","2015-06-09","38c2770f-5c17-40d1-a91a-f84672bfed97.jpg"
"84","84","0.1 Pastel clown #ballpython hoping to make some more this season!","2015-03-28","f2373249-3805-4c1a-a01c-7ec28e55f83f.jpg"
"85","78","So bright! OD X pastel #ballpython","2015-05-25","cf55c644-e829-4ab9-bd0b-06ff01a75ea0.jpg"
"86","76","Gotta love babies! #ballpython #snakesofinstagram #reptiles #snakes","2014-07-24","9529f4fd-062b-4089-b1c1-0e42446aceac.jpg"
"87","69","Babies ! 🐍Orange dream X pastel #ballpython","2015-05-22","08848cbe-3617-46aa-87f4-05ad67af9f76.jpg"
"88","68","Pied female looking pretty #ballpython","2015-05-28","bf74cdee-49f8-4e68-a3e9-7e53085efe34.jpg"
"89","66","Hoping to see some pastel orange dreams soon! #ballpython #snakeeggs","2015-03-28","9591c817-df0e-4ef4-8622-3a0448245c2f.jpg"
"90","65","Hatchlings! #ballpython #snakesofinstagram #reptilesofinstagram #snakes","2014-07-21","a4c869c3-d3d4-41b8-a0dc-0d412445a1ee.jpg"
"91","63","#ballpython","2014-07-22","ec11516c-2d23-4db2-994a-031fc7f2b456.jpg"
"92","61","Pied #ballpython","2014-07-31","5f8a171d-6da4-4c80-a4af-48bc2cdccce2.jpg"
"93","60","Pied #ballpython female was looking pretty today","2015-03-28","e93cd19c-6bd3-42ca-be8a-a1a1bb357f99.jpg"
"94","58","Hiding pastel mojave #ballpython","2014-04-12","6a305d3e-9d95-4b29-a8b7-24a4a8f4bee6.jpg"
"95","58","Everyone can appreciate a high contrast albino #ballpython","2014-04-05","3863d87f-9cf4-4ea8-bd32-66ea89d67f98.jpg"
"96","56","Soon to be mother #ballpython #snakesofinstagram","2014-05-26","48a71d75-d3ff-4072-a50d-c32e26b1fffb.jpg"
"97","49","Pastel mojave #ballpython","2014-06-30","f1a7b42b-10fc-4f30-8a1d-566238dd74e9.jpg"
"98","49","My 09 pastel girl #ballpython","2014-05-05","3ed5497c-b0a5-49f8-995e-895d155e2e54.jpg"
"99","49","Bumblebee #ballpython #reptileoftheday100 #reptilesofinsta #reptilesofinstagram","2014-04-22","0864f854-6d4c-4154-952f-a9a729c13c55.jpg"
"100","47","Tub of albinos #ballpython","2014-05-26","9a387870-c83c-4b8e-ab31-874a03d6bcfc.jpg"
"101","47","Enchi #ballpython putting on some size","2014-05-03","4f8de9c7-55ae-46d3-b97d-6488529ac09e.jpg"
"102","45","Pastel clown #ballpython","2014-06-27","89b486eb-e078-4f07-900b-1137c5bc571e.jpg"
"103","45","Pastel enchi #ballpython","2014-05-03","e73574dc-e81b-4128-b39c-e90f1c8d37f5.jpg"
"104","44","Pastel clown #ballpython #motionreptiles #reptileoftheday100 #snakesofinstagram #reptilesofinsta #reptilesofinstagram","2014-05-05","56c84127-f42a-46fb-92a2-6bf489d160c0.jpg"
"105","43","OD #ballpython #motionreptiles #snakesofinstagram #reptiles","2014-05-26","e916e81e-9541-4874-8207-11d5ab6e05fc.jpg"
"106","42","Mean champagne. Cute little guy. #ballpython","2014-03-24","37953fe3-4ccf-44aa-aeec-7a9a7c16543e.jpg"
"107","40","Enchi lemonblast poss yb #ballpython #motionreptiles #reptilesofinsta #reptileoftheday100 #snakesofinstagram","2014-05-03","b9ea6b25-e9c6-4099-894b-26ced7f29016.jpg"
"108","39","Pastel lesser #ballpython","2014-04-05","cd29adf6-7c99-4433-ac91-078111245ad9.jpg"
"109","36","#ballpython","2014-06-14","3e49935b-8d8b-40f7-9ad1-142b8a6102b9.jpg"
"110","36","Pastel lesser #ballpython #reptileoftheday100 #reptilesofinsta #snakesofinstagram #motionreptiles","2014-04-23","dd1e0c0f-dbf8-4031-82cc-a47cf2452a44.jpg"
"111","35","Albino spider #ballpython","2014-04-09","0a6262ac-21f9-45ac-98aa-38be7f583fa3.jpg"
"112","35","Mojave bumblebee #ballpython","2014-04-09","7d16f381-fce6-4fe0-b2e8-6eded5cbd918.jpg"
"113","33","Newest pick up fire lemonback line #ballpython","2014-04-07","d8568d73-9954-4016-a3ac-05247e6633fe.jpg"
"114","31","One of our pretty normal girls a few days after her ov. Still see a bit of swelling on her though #ballpython","2014-04-18","b32fcb17-3cea-4c40-be4d-626512f496ff.jpg"
"115","27","Mojave #ballpython","2014-04-09","47f40910-1e88-4f6f-8717-b8b62c5dd57e.jpg"
"116","27","Enchi Lemonblast #ballpython cleaning tub shot","2014-04-05","8fb1f1e1-1ff1-4bcd-a8c9-703dcf9b583e.jpg"
"117","26","Lesser yb #ballpython","2014-04-22","8fb474b5-b47d-4830-8f5f-b06bec108a34.jpg"
"0","774","Killer clown female #ballpython #snakesofinstagram #reptile #reptiles #snake #ballpythonmorphs #ballpythonsofinstagram #snakes","2017-07-29","9e5f9633-e824-4056-8453-af3cea203d4c.jpg"
"1","574","Available: Female killer clown. This girl is bright! Taking frozen thawed and will eat anything put in front of her. DM me if interested. Thanks #snakesofinstagram #snake #ballpython #ballpythonmorph #ballpythons #ballpythonmorph","2017-10-29","75a288d0-9f03-4edc-a463-519c769cc20c.jpg"
"2","558","Available: 2017 male clown. Please DM me if interested. Thanks! #ballpython #reptilesofinstagram #snakesofig #snakesofinstagram #snakes #reptiles #reptile #ballpythonsofinstagram #ballpythonmorph #ballpythonsofig","2017-08-13","905d9986-1fa7-49bb-8afa-5adebf12066a.jpg"
"3","526","Had an awesome clutch hatch out last night! OD enchi x OD enchi YB #ballpython #reptilesofinstagram #snakesofinstagram #ballpythons #ballpythonmorph #ballpythonsofig #ballpythonmorphs","2017-10-12","a3c73a38-b14c-4182-8c72-af8b4bee6ab3.jpg"
"4","526","Killer clown female #ballpython #snake #reptile #snakesofinstagram #ballpythonsofinstagram #ballpythonmorph #reptiles #snake","2017-08-21","0b413311-8be1-494a-82ef-e3f336860556.jpg"
"5","513","A good looking OD yb #ballpython #ballpythonsofinstagram #ballpythonmorph","2015-12-02","c89e74d8-71af-40ba-b9a7-6589443c76eb.jpg"
"6","475","OD fire x ODYB spider clutch just hatched #ballpython #ballpythonofig #ballpythonmorph #snakes #reptiles #reptile #snake #ballpythonmorphs","2017-05-10","547a70b8-a64c-4ef3-845f-fcbd97ccf436.jpg"
"7","451","A cool super OD enchi YB male #ballpython #reptile #snake #ballpythonsofinstagram #ballpythonmorph #ballpythonmorphs","2017-12-12","d99ed876-8f32-4662-8713-679bb7fe596c.jpg"
"8","434","First time shed and fed on this little boy. I'm thinking he's the combo, super OD fire yb spider. #ballpython #snake #snakes #reptiles #snakesofinstagram #ballpythonmorphs #reptile","2017-05-24","8dfdd550-4d4a-4b23-a333-3e28b15ce72f.jpg"
"9","419","A couple more close ups #ballpython #snakesofinstagram #ballpythonmorphs #ballpythonmorph #ballpythonsofig #ballpythons","2017-10-12","5f977e9f-9586-4ffe-b4f0-6a4c11129f2a.jpg"
"10","400","One of my favorites from the OD enchi x OD enchi yb clutch #ballpythons #ballpythonsofig #ballpythonmorph #ballpythonmorphs #snakesofinstagram #ballpython","2017-10-12","aba85ce1-8086-4276-978f-1e2738e7e848.jpg"
"11","395","This girl was looking pretty post first shed and meal. Super enchi OD spider #ballpython #reptiles #snakes #snakesofinstagram #snake #ballpythons #ballpythonmorphs","2017-11-01","3de9b4f5-8b01-4194-9a71-5955c0561c4b.jpg"
"12","385","Love the look on this little stud #ballpython #ballpythonmorph #ballpythonsofinstagram #snake #reptile","2017-12-13","cb82b76d-174b-4eaf-a710-94c97f23ade1.jpg"
"13","381","Some cool clown hatchlings. Some came out unique looking! #ballpython #snakes #snake #reptiles #ballpythonmorphs #ballpythonsofinstagram #reptile","2017-07-11","95d69a81-e213-4d5f-b45b-cf9570a37968.jpg"
"14","344","2016 killer clown male #ballpython #snakes #reptiles #ballpythonsofinstagram #snakesofinstagram","2016-12-26","f96e506d-fe3a-4fcb-94a2-173150401a2b.jpg"
"15","341","Pastel clown cutie #ballpython #snakes #reptiles","2016-12-10","af9e4651-a897-44e9-a1d8-810a8628015b.jpg"
"16","337","Available 2016 450g pastel clown male. DM me if interested! Thanks #ballpythons #ballpython #snakes #reptiles #ballpythonsofinstagram","2017-01-21","074005b4-9d16-45e5-99c8-6f7adbc475aa.jpg"
"17","328","OD Fire x OD YB spider. Hopefully a few super OD combos are cooking
#ballpython #ballpythonsofinstagram #reptilesofinstagram #snakes #reptiles","2017-03-22","9bcac7c8-c9db-496d-ab0d-b90480332049.jpg"
"18","299","Clown #ballpython #snake #snakesofinstagram #reptile","2016-01-31","f4f05805-f8bb-4853-9881-0460a66b1c63.jpg"
"19","295","2016 killer clown male weighing 440grams. He is now available if anyone needs one! Shoot me a PM if interested.
#ballpython #ballpythonsofinstagram #snakesofinstagram #reptilesofinstagram #reptiles #snakes #reptiles","2017-04-05","eb6bbfa2-7cbe-4268-881d-5d6b53f2eb1f.jpg"
"20","295","Killer clown hatchling #ballpython #ballpythonmorphs #ballpythonsofinstagram #snake #reptile #snakesofinstagram #reptiles #reptilesofinstagram","2016-07-27","144a9cd7-4999-4350-90b9-bddbdab2ccf2.jpg"
"21","284","Available: 2016 male pastel clown 450g+. A perfect eater. Please DM me if interested. Thanks! #ballpythonsofinstagram #ballpython #snakes #reptiles #ballpythons","2017-02-27","3de385e1-648d-489b-8fb7-e9d7c858bdc0.jpg"
"22","273","2016 OD pastel female
#ballpython #ballpythonsofinstagram #snakes #reptiles","2016-10-29","65cd1148-2000-4410-bfad-c698c9059411.jpg"
"23","271","2015 OD pastel sister hold backs #ballpython #ballpythonsofinstagram #ballpythonmorph #snake","2016-01-31","4b11698e-9786-40ec-82eb-2bbc603fc68f.jpg"
"24","263","Dream bee #ballpython #snakesofinstagram","2015-05-29","917bd625-2299-4666-b3a6-4ffe2585e8e5.jpg"
"25","245","Handful of banana spiders #ballpython #ballpythonsofinstagram #snake #snakes #reptilesofinstagram #reptile #ballpythonmorphs","2016-09-19","e26f3011-291a-49af-9550-9beed8d94dbd.jpg"
"26","245","Love this chubby little guy. Killer clown #ballpython #snake #ballpython #reptile #reptilesofinstagram","2015-12-30","067c2c8e-1181-45e2-9728-c26a3fb59fab.jpg"
"27","232","Pastel clown. Too bad he's not a she. #ballpython #snakesofinstagram #snakes #reptiles","2016-12-22","5e134b18-a8a2-4851-b374-6418274ede36.jpg"
"28","232","2015 Clown female #ballpython #ballpythonsofinstagram #snake #reptiles","2016-10-18","eb7fe041-39f4-4e21-94fe-5bc4c64d3421.jpg"
"29","230","A better look of the 1.1 pastel clowns #ballpython #ballpythonmorph #snakes #snakesofinstagram #snake #reptile #reptilesofinstagram #reptiles #ballpythonsofig","2016-08-11","bd4874d9-0d57-40b6-ab68-55b566944a39.jpg"
"30","227","Lemonback line fire female #ballpython #ballpythonsofinstagram","2015-11-24","0dc51171-3030-46e1-8d77-bd0bcdc01c8c.jpg"
"31","224","A clean killer clown male #ballpython #snakesofinstagram #reptilesofinstagram #ballpythonmorph #snakes #reptiles","2016-09-04","49323fbf-242b-4a65-8b39-c3da89f2e227.jpg"
"32","224","OD spider coming along nicely #ballpython #snake #ballpythonsofinstagram","2015-12-30","ea8455af-6311-4e0f-acf4-18c62849114e.jpg"
"33","217","Pied #ballpython #ballpythonmorphs #snake #snakesofinstagram #reptile","2016-03-18","dbfb92af-1e21-414f-8e39-43b90856cf81.jpg"
"34","214","Killer clown #ballpython #ballpythonmorphs #snake #reptile #snakesofinstagram","2016-05-16","f7f17e65-106f-488f-af21-1ceeff73c5d8.jpg"
"35","212","Cute female banana hatchling #ballpython #ballpythonsofinstagram #ballpythonmorphs #snake #snakes #reptiles","2016-07-08","72a95111-e084-4ec5-800d-40c410c5e913.jpg"
"36","212","A pretty pastel orange dream female #ballpython","2015-09-12","beb3a38b-0549-45e4-a033-df6f9e570917.jpg"
"37","210","Enchi OD #ballpython #ballpythonmorphs","2016-05-23","bbd7fc3b-a20c-4278-a7dd-252a2cf8780b.jpg"
"38","205","OD X pastel enchi hatchlings #ballpythons #reptilesofinstagram #ballpython #snakes #snakesofinstagram","2016-09-24","523de8f8-6047-4510-97c6-aa4441ebbdfd.jpg"
"39","189","First shed on these OD Enchi sisters #ballpython #ballpythonsofinstagram #snake #reptiles","2016-10-15","eef627c1-1a12-407f-9bbe-aec1b325ca1b.jpg"
"40","189","OD enchi male #ballpython #ballpythonsofinstagram #snake #reptilesofinstagram","2016-01-01","e019e8aa-7ab7-4861-ab40-21d2ace3666a.jpg"
"41","189","Albino spider female #ballpython #ballpythonsofinstagram #ballpythonmorph #snake","2015-11-28","5cb46432-9eab-4c5c-8783-4e2293db3ea8.jpg"
"42","187","My last clutch hatching, which was a small retained clutch. It was a personal first for us. Hopefully some more killer clowns #ballpython #ballpythonsofinstagram #snakes #reptiles","2016-11-13","e9d7e122-379c-4197-9db0-f2d06820c150.jpg"
"43","183","Hatched out some neat banana spiders #ballpython #ballpythonmorphs #reptiles #snake #snakesofinstagram","2016-09-10","e963532e-9f23-4f30-ac52-c8056d4ef0c3.jpg"
"44","181","2015 Orange dream hold back female #ballpython #ballpythonmorphs #snake #snakes #reptile","2016-06-08","3a2ab66e-bc24-4b15-a4d7-f9f9cd42f741.jpg"
"45","180","2015 OD spider #ballpython #snake #ballpythonsofinstagram #snakesofinstagram #reptile #reptiles","2016-04-18","aef66b05-64ce-4398-baba-8706bf8aed81.jpg"
"46","178","Trio of cuteness. Clown combos. #ballpython #ballpythonsofinstagram #snake #snakesofinstagram #motionreptiles #reptilesofinstagram #reptile","2015-11-14","f6ebc6b7-d5f9-490a-8611-45b422e60093.jpg"
"47","177","Pied #ballpython #ballpythonmorphs #snake #snakes #reptile #reptile #ballpython","2016-06-14","069db6e4-ee66-42aa-81fc-73af4ace7f99.jpg"
"48","167","Clown female putting on some size #ballpython #snake #ballpythonofinstagram #ballpythonmorphs #reptile #reptiles","2016-05-01","5159f25c-b6a9-47b1-a80d-e60a14498ac9.jpg"
"49","167","2014 pastel clown #ballpython #snakesofinstagram","2015-10-05","edc7007f-833a-487f-b895-7e83236c788a.jpg"
"50","166","Pied #ballpython","2015-09-07","17e35fbf-de20-4a0f-b9be-4c5f8dbfe96c.jpg"
"51","165","Killer and pastel clown hatchlings #ballpython #ballpythonmorphs #ballpythonsofinstagram #snake #snakes #snakesofinstagram #reptile #reptiles #reptilesofinstagram","2016-07-27","dfc1b522-34b4-4637-a8a3-c375103caf7f.jpg"
"52","165","Ended up with 2 OD enchis and 2 ODs. Happy with the odds for 6 eggs #ballpython #snakesofinstagram #snake #motionreptiles","2015-10-31","f3caefcc-2061-4153-9d4f-45f6bf23e8a8.jpg"
"53","164","2013 female ivory #ballpython #ballpythonsofinstagram #snake #snakesofinstagram","2015-12-16","4cf8c723-9f92-44b8-9050-6167da1967c9.jpg"
"54","164","Orange dream spider #ballpython #snakesofinstagram","2015-10-25","bf42a355-c73e-4a98-bf79-f7b7c4e9a3af.jpg"
"55","162","Some clean ODYB hatchlings #ballpython #ballpythonsofinstagram #snake #reptiles","2016-09-18","816ca701-c439-4520-b8f9-a72c27cc1bf7.jpg"
"56","162","Pastel OD female coming along nicely #ballpython #ballpythonsofinstagram #ballpythonmorph","2015-12-01","76beb81d-4fc2-4891-b2e2-7c906af036ff.jpg"
"57","161","This guy got busy real fast, 2 mins after intro. Banana X pastave #ballpython #ballpythonsofinstagram #snake #reptile","2015-12-25","94999eb1-150d-4ee8-9cb1-d3a4894e8098.jpg"
"58","159","Just hatched out a couple of nice pastel clowns today #ballpython #ballpythonmorph #snakes #snakesofinstagram #snake #reptilesofinstagram #reptile","2016-08-11","02e35927-efd3-4c5a-b9aa-418c13bc8c6d.jpg"
"59","155","Pastel clown X pastel het clown. Hopefully there's a good amount of killers in this clutch #ballpython #ballpythonmorphs #snakes #reptiles #reptile #snakesofinstagram","2016-05-26","dd2ce534-810e-446a-99d1-8d5696aae9f1.jpg"
"60","154","A cool looking 2015 male orange dream #ballpython #ballpythonmorph #ballpythonsofinstagram","2015-11-28","ce49d0d1-57bc-451f-9f45-0414cadef9ef.jpg"
"61","154","Clown female post first shed. She's staying right here #ballpython #ballpythonsofinstagram","2015-11-16","db3ed1b5-4ce2-4aa6-9fa5-9fc99fffce3f.jpg"
"62","152","Orange dream pastel female with a fresh shed #ballpython #ballpythonsofinstagram","2015-12-15","e880a0b3-c867-482c-9e51-904b7d2c4cb7.jpg"
"63","151","Little clown female #ballpython #ballpythonsofinstagram #snake #snakesofinstagram #reptile","2015-12-18","f24f8975-a6b8-4e3a-986e-f2dda8051c71.jpg"
"64","150","2015 orange dream female #ballpython #ballpythonsofinstagram #snake #snakesofinstagram","2015-12-12","18862532-f9a4-4031-9bc6-a646bbfe4f0e.jpg"
"65","149","2015 pastel clown #ballpython #ballpythonsofinstagram #snake #snakesofinstagram","2015-12-12","be1f74c4-7052-4338-95b7-6f86aaf6beec.jpg"
"66","146","Killer clown was looking good this morning #ballpython #ballpythonsofinstagram #snake #snakesofinstagram","2015-11-27","ef9360e8-5816-4786-9823-a49787a1b9ad.jpg"
"67","146","Clown hatchlings. One of my favorite bp morphs. #ballpython #snakesofinstagram #snake #ballpythonsofinstagram","2015-11-07","2804e79c-a08d-4315-98e8-d34b96acb3af.jpg"
"68","145","Cute killer clown hatchling #ballpython #ballpythonsofinstagram #snakesofinstagram #snake #reptilesofinstagram","2015-11-09","657cb834-7278-42e1-ba0c-d80adb694fca.jpg"
"69","139","Pastel clown #ballpython #snake #ballpythonsofinstagram #snakesofinstagram","2015-11-09","0bb61164-b46c-489c-94d5-0fa71371422e.jpg"
"70","130","Orange dream X enchi clutch just hatched. Some nice ones! #ballpython #snakesofinstagram #snake","2015-10-30","21de9ec0-c10f-4240-9b40-1fa72bf9404d.jpg"
"71","129","Wink wink #ballpython #ballpythonsofinstagram","2015-11-10","4a7ac2f0-169e-4ad7-a5e9-39ac1788fcb6.jpg"
"72","129","Pied #ballpython #ballpythonsofinstagram #snake #snakesofinstagram #reptile #reptilesofinstagram","2015-11-10","0414b580-2762-4c57-a9d7-40a94d648370.jpg"
"73","125","I'm really happy with the way this OD enchi is coming along #ballpython #ballpythonsofinstagram","2015-11-23","6da0f642-91e1-4d09-a3ab-325d2f1ed78b.jpg"
"74","122","2013 Pastel clown getting his soak on #ballpython","2015-06-09","1cb001d6-c8d1-4b15-9141-471859310bdb.jpg"
"75","120","Orange dream enchi males #ballpython #ballpythonsofinstagram","2015-11-11","4627cad2-afc7-4432-8ca6-a75e35189e5e.jpg"
"76","119","Ivory #ballpython","2015-08-27","f0763123-28f8-4552-b51c-8513df070247.jpg"
"77","118","Piebald #ballpython","2015-07-26","fb5a5252-1854-4e42-9774-c7aa33eb3e6b.jpg"
"78","117","Male orange dream yellowbelly hatchling. A good looking one too #ballpython","2015-06-11","bf44ecff-055e-49f6-a750-ce9e0837af2d.jpg"
"79","108","Pastel clown #ballpython I hope he handled business with the female he was with","2015-04-25","f71d24eb-d4fe-4a60-9e63-d5e8201eb210.jpg"
"80","104","Banana #ballpython","2014-10-17","77f68319-4004-44ae-9546-dcbe7f40ca73.jpg"
"81","96","Pastel clown #ballpython","2014-12-22","b390d2de-19e9-4024-aa74-55c8d172d1ad.jpg"
"82","90","lesser yb x pastel clutch! #ballpython","2014-06-17","7022fbc5-0576-422f-a223-cecd4e8f1b3c.jpg"
"83","85","Albino spider #ballpython","2015-06-09","cbd471ac-c7d6-4e8e-8a25-87689a70c5c8.jpg"
"84","84","0.1 Pastel clown #ballpython hoping to make some more this season!","2015-03-28","e4c78e49-b25b-4c11-83d3-74cd94e13d4b.jpg"
"85","78","So bright! OD X pastel #ballpython","2015-05-25","0426468c-3941-4ac2-afca-ecdaa3ec88ae.jpg"
"86","76","Gotta love babies! #ballpython #snakesofinstagram #reptiles #snakes","2014-07-24","8f7b672f-6e6f-4d58-ba4d-0be1a136eb9a.jpg"
"87","69","Babies ! 🐍Orange dream X pastel #ballpython","2015-05-22","e4f4fc5a-7d77-41ca-9833-5e7461e4b1bc.jpg"
"88","68","Pied female looking pretty #ballpython","2015-05-28","e4e277c8-6d0c-4dd1-9f78-dfbe4965fc70.jpg"
"89","66","Hoping to see some pastel orange dreams soon! #ballpython #snakeeggs","2015-03-28","8fe0748e-4c3d-4d30-aa8b-7991a98693f0.jpg"
"90","65","Hatchlings! #ballpython #snakesofinstagram #reptilesofinstagram #snakes","2014-07-21","ee313c13-e0ed-48ea-8180-93d7b9704630.jpg"
"91","63","#ballpython","2014-07-22","a3ef4777-2e7b-43c0-8168-dcd059ab5f10.jpg"
"92","61","Pied #ballpython","2014-07-31","aae78ddb-a635-4100-a3a1-9f09029bbaef.jpg"
"93","60","Pied #ballpython female was looking pretty today","2015-03-28","28a95951-6d98-4dc2-8889-d7f84a1b2cad.jpg"
"94","58","Hiding pastel mojave #ballpython","2014-04-12","97f55142-8558-479e-abbf-76db23404ba4.jpg"
"95","58","Everyone can appreciate a high contrast albino #ballpython","2014-04-05","522578e9-b4f8-48a6-8611-9db017f75be5.jpg"
"96","56","Soon to be mother #ballpython #snakesofinstagram","2014-05-26","8b9abb15-2605-4858-8561-da1c2592f132.jpg"
"97","49","Pastel mojave #ballpython","2014-06-30","863c6540-66da-4d3f-ba3a-c1db82caaf7c.jpg"
"98","49","My 09 pastel girl #ballpython","2014-05-05","cdb7cabe-c47d-4b7c-aa2a-21be9e6e6ec6.jpg"
"99","49","Bumblebee #ballpython #reptileoftheday100 #reptilesofinsta #reptilesofinstagram","2014-04-22","5bd4c829-c5e0-4c9d-92e0-0517e23a7ec7.jpg"
"100","47","Tub of albinos #ballpython","2014-05-26","462d4c95-7986-4c17-a364-58498c8702d2.jpg"
"101","47","Enchi #ballpython putting on some size","2014-05-03","ca39f1be-e8b6-4c2f-a4a2-f412086a7bdf.jpg"
"102","45","Pastel clown #ballpython","2014-06-27","a5c7bf40-109a-4500-a7fa-bb83dc6b62a0.jpg"
"103","45","Pastel enchi #ballpython","2014-05-03","e2a58c97-32fa-4ac7-bd43-ce243e351155.jpg"
"104","44","Pastel clown #ballpython #motionreptiles #reptileoftheday100 #snakesofinstagram #reptilesofinsta #reptilesofinstagram","2014-05-05","284a9723-2113-4068-a8d9-cc1baa0eaec6.jpg"
"105","43","OD #ballpython #motionreptiles #snakesofinstagram #reptiles","2014-05-26","3f857784-5650-4168-8231-cebb6fd55dfa.jpg"
"106","42","Mean champagne. Cute little guy. #ballpython","2014-03-24","5c2e4661-f098-4e60-bda2-1cdee587a875.jpg"
"107","40","Enchi lemonblast poss yb #ballpython #motionreptiles #reptilesofinsta #reptileoftheday100 #snakesofinstagram","2014-05-03","13a61376-de43-4649-aef3-865d68be442e.jpg"
"108","39","Pastel lesser #ballpython","2014-04-05","c7af9b4c-1a5e-43a9-921e-bf20dadaa2bf.jpg"
"109","36","#ballpython","2014-06-14","95fdc59d-7509-4603-a4bb-48d72f7ae542.jpg"
"110","36","Pastel lesser #ballpython #reptileoftheday100 #reptilesofinsta #snakesofinstagram #motionreptiles","2014-04-23","2ca64a84-2a7b-4a0e-99e4-a2edce2d38d4.jpg"
"111","35","Albino spider #ballpython","2014-04-09","d754f0f2-d5e1-49fc-a1b8-69a6302419cc.jpg"
"112","35","Mojave bumblebee #ballpython","2014-04-09","6e54a89a-87be-494b-879f-6e47cfb307cc.jpg"
"113","33","Newest pick up fire lemonback line #ballpython","2014-04-07","8414d311-5fdd-48da-a10d-09c1190197be.jpg"
"114","31","One of our pretty normal girls a few days after her ov. Still see a bit of swelling on her though #ballpython","2014-04-18","30e8cb3b-66b2-498d-bf3e-631d5037f4c1.jpg"
"115","27","Mojave #ballpython","2014-04-09","bafa4549-da83-43a4-ac01-598ed8c9808c.jpg"
"116","27","Enchi Lemonblast #ballpython cleaning tub shot","2014-04-05","8484e537-9b96-49db-a2cf-c8930cb6f7fc.jpg"
"117","26","Lesser yb #ballpython","2014-04-22","505637fb-9d93-47dc-958c-5fe56c3b4aa9.jpg"
