"120","480","One of the Sharp albino beauties. I Can’t even come close to picking up the color #boasofig #boas #boaconstrictorsofig #boaconstictor #boa #snakes #boamorphs #","2018-07-03","81658133-119c-45a6-bf44-3953fb633c1a.jpg"
"121","478","An insane 2018 sharp albino jungle male. Crazy pink highlights going down his sides #boasofig #boas #boaconstrictorsofig #boamorphs #boaconstrictor","2019-02-06","be1b8c74-3592-411b-b75f-6d0c85818fd7.jpg"
"122","475","OD fire x ODYB spider clutch just hatched #ballpython #ballpythonofig #ballpythonmorph #snakes #reptiles #reptile #snake #ballpythonmorphs","2017-05-10","df057dda-8715-443a-a53f-7b4365f93e64.jpg"
"123","473","My hold back 2017 VPI T+ snow. She looks identical to her dad! #boaconstrictor #reptilesofinstagram #boasofinstagram #reptiles #snakes #snakesofinstagram #snake #reptile #boaconstrictors #boaconstrictorsofinstagram","2017-10-13","1a4e3347-a683-47de-bf85-5c08077c2b61.jpg"
"124","472","Got to play with some goo last night! Had an awesome VPI X jungle het VPI litter drop last night. Couldn’t be happier with the results! #boasofig #boaconstrictor #boasofinstagram #snake #reptile #boaconstrictorsofinstagram #boas #snakes #reptiles","2018-04-04","05462614-a2e1-460c-a2c8-31d6dc4cb483.jpg"
"125","471","Hold back lipstick junglow #boaconstrictor #boamorph #snakesofinstagram #snake #reptiles #snakes #reptile #reptilesofinstagram #snakesofinstagram","2017-10-05","0b6a92e9-060e-498c-9a43-047879fd6b47.jpg"
"126","470","Cute little VPI T+ #boaconstrictor #snakes #reptiles #boamorph #boasofig #reptile #boa #boaconstrictorsofinstagram #motionreptiles","2017-12-08","4c01085d-46cc-46b5-b35b-d8bfb347a5a0.jpg"
"127","469","VPI T+ jungle #boaconstrictor #boasofig #boamorph #boaconstrictorsofinstagram #reptiles #snakes #boaconstrictors #reptilesofinstagram","2017-12-10","637c7d0d-0c88-45d6-84da-bded3a2a3b69.jpg"
"128","468","2019 IMG Jungle 66% het VPI T+ male produced here #boaconstrictor #boas #boamorph #boamorphs #boasofig #boa #boaconstrictors #boaconstrictorsofig #boamorphs","2020-04-02","462330d5-6631-43af-814c-2f9306ba431e.jpg"
"129","468","Grouchy pants #boaconstrictor #snakes #boasofinstagram #snake #boaconstrictorimperator #boamorphs #reptiles #snakes #reptile #snakesofinstagram","2017-10-25","3c4aae68-a071-4b2e-8d4b-ac09e18b0e70.jpg"
"130","468","2017 female poss super sunglow jungle #boaconstrictor #boasofinstagram #snakesofinstagram #reptiles #snakes #reptile #snake","2017-10-12","7526e5a9-bf87-4e97-99af-b79516763c52.jpg"
"131","466","2017 poss super hypo jungle het lipstick albino #boaconstrictor #snake #boasofinstagram #boasofig #reptiles #snakes","2017-06-27","008ecde6-3216-4c52-a639-bc1d1a6f6e73.jpg"
"132","464","2016 lipstick poss super sunglow hold back #boaconstrictor #snakes #reptile #boasofinstagram #boaconstrictorsofinstagram #boamorph #boamorphs #snake #reptiles","2018-01-31","ea38626c-373a-4881-bbb9-45a06d9df03b.jpg"
"133","463","A perching red panther line VPI T+ jungle male #boaconstrictor #boaconstrictorsofinstagram #snakes #boasofinstagram #boaconstrictorimperator #reptile #reptiles #snake #snakesofinstagram #snakesofig","2017-08-18","5634f74f-b4b9-4d9b-b6a2-70efa993237a.jpg"
"134","463","2017 male Aztec 100% het anery 66% het VPI T+. This boy is nice! #boaconstrictor #boaconstrictorsofinstagram #boaconstrictorimperator #snakes #boasofinstagram #reptile #reptiles #snake","2017-08-14","543073b6-f8df-4363-b12e-eebeebd23e40.jpg"
"135","462","2019 IMG hypo jungle 66% het sharp 50% het anery male. Was on hold for a while now available. Love the pattern and color on this guy #boa #boaconstrictor #boamorph #boas #boasofig","2020-03-12","f7b8b10b-c577-40fe-8cd3-ea4017e8446d.jpg"
"136","462","Lipstick poss super sunglow jungle female #boaconstrictor #boasofinstagram #boasofig #snakes #reptiles #reptilesofinstagram #snake #reptile","2017-09-14","a0b84bcc-4721-407d-a402-2ff442d6673d.jpg"
"137","462","Male poss super sunglow jungle from both lipstick and coral lines. Hurry up and shed little man! #boaconstrictor #reptile #boamorph #snake #reptiles #snakes #boasofinstagram","2017-07-16","6428de40-6074-4e49-a08e-58a284a51a2f.jpg"
"138","460","Sharp strain #boaconstrictor #boamorph #reptiles #snakes #boasofig #boasofinstagram #snake #reptile #motionreptiles","2017-12-13","499e6535-57bc-4228-a36d-6db678ffef42.jpg"
"139","459","Jungle het VPI T+ balled up #boaconstrictor #boamorph #boa #reptile #reptiles #snakes #boaconstrictorsofinstagram #boaconstrictors","2017-12-21","7a77db98-afd0-4b87-81c1-d406926aff69.jpg"
