"0","2072","2017 possible super sunglow jungle male #boaconstrictor #boasofig #boas #boasofinstagram #snake #snakes #reptiles #reptile","2018-05-18","60d0faf0-bd5a-4459-a0da-6eec9309a62f.jpg"
"1","1385","2016 VPI T+ hold back. Love her colors! #boaconstrictor #reptile #reptilesofinstagram #snakesofinstagram #reptiles #snakes #snake","2017-04-18","f15d2611-426c-43e7-ab71-7ae6756210ee.jpg"
"2","1171","2018 sterling male! #boaconstrictor #boamorphs #boas #boaconstrictorsofinstagram #boasofig","2018-10-18","54a37e31-a1ea-4de5-b5bb-5fcb31b60cb2.jpg"
"3","1056","Sharp sunglow jungle hold back #boaconstrictor #boamorph #boa #boamorphs #snake #reptile #boaconstrictorsofinstagram #boasofinstagram #snakes #reptiles #motionreptiles","2018-01-13","ba0ac708-e15a-4a4c-8556-5519750d4bbb.jpg"
"4","1018","2019 motley keywest 50% het anery male #boa #boaconstrictor #boaconstrictors #boasofig #boas #boamorph","2019-08-09","6d69b6a1-a53d-481e-a36f-5407fc45338b.jpg"
"5","974","Got to play with some more goo! VPI motleys and a VPI Motley sunglow. These were some big babies #boaconstrictor #reptiles #snake #boasofinstagram #boaconstrictorsofinstagram #snakes #reptile","2017-07-07","1dd65a66-681f-4be2-9cb0-b1783fe16d0b.jpg"
"6","968","Redrum 66% het VPI T+ holdback. One of my favorite girls #boaconstrictor #reptile #snake #boasofinstagram #boaconstrictorsofinstagram #motionreptiles","2017-11-13","89ad33c2-a53f-4e7c-8462-36dad3a97ed4.jpg"
"7","965","Some lipstick possible super sunglow animals produced here #boamorphs #boasofig #boasofinstagram #boas #motionreptiles #boa #boaconstrictor","2019-06-04","d339bf1e-a44b-40f5-92d7-b6719fa45e11.jpg","f8be1338-d6b2-44b8-87f5-6ae44bfc49a0.jpg","602292ed-b8a2-4062-95c3-9245533b601e.jpg","8d6c8164-50ff-4617-8d08-6615a39c0d0e.jpg","af888009-17c1-4a9e-8dc8-fb73db271f8f.jpg","c3e5f8ee-f47d-4312-9f3b-5b7ce2412b45.jpg"
"8","952","A beautiful 2018 VPI T+ #boaconstrictor #reptilesofinstagram #boas #boasofinstagram #boasofig #snakes #reptiles #boasofig","2018-05-25","0b567b87-917a-43ec-b86f-019bb77df01c.jpg"
"9","952","Love this sexy little thing. Hold back RedRum VPI T+ #boaconstrictor #boaconstrictorsofinstagram #boasofig #boasofinstagram #snakes #reptiles #motionreptiles #snake #reptile #boa #boas #boamorph #boamorphs","2017-12-16","b22c3315-5551-4286-a507-917d0d8f4710.jpg"
"10","925","2.5 month old IMG 66% het sharp #boaconstrictor #boas #boasofig #motionreptiles","2019-08-13","87139dc6-6bdb-4613-8d1c-1f3e712353f8.jpg","0d6f3c83-a0c9-4ffc-8430-e922ce4e6aca.jpg"
"11","873","2017 male lipstick poss super sunglow poss jungle #boaconstrictor #boasofinstagram #snakes #reptiles #snakesofinstagram #boaconstrictorsofinstagram #boamorphs #snake #reptile","2018-01-17","5e0e0770-af00-4ab2-9c85-61cfd1fb6c21.jpg"
"12","853","Redrum VPI T+ #boaconstrictor #snake #boasofinstagram","2015-12-21","32f8f388-c2b7-4fbe-be7a-c8310c2d3b9d.jpg"
"13","828","2017 poss super sunglow jungle male #boaconstrictor #reptilesofinstagram #snakesofinstagram #boamorph #boasofig #boasofinstagram #snakes #reptiles #boaconstrictors #snake #reptile","2017-10-08","79e2507c-dcf6-4dd5-8ddb-b2da87f70c94.jpg"
"14","813","Had a cool litter drop last night. Red panther VPI T+ sunglow x jungle het VPI T+ #boasofinstagram #boaconstrictor #snake #reptiles #boasofig #snakes","2017-06-29","95f2db09-9368-4dd3-987c-fcd95a85a5eb.jpg"
"15","809","2016 hold back VPI T+ Aztec #boaconstrictor #boasofinstagram #snakes #reptiles #snake #reptile #boaconstrictors #boaconstrictorsofinstagram #boaconstrictorimperator","2017-08-14","188829df-9f95-48e9-a4ee-12b483517ede.jpg"
"16","790","2018 VPI T+ jungle male #boaconstictor #reptilesofinstagram #boas #snake #reptile #boasofinstagram #boasofig #snakes #reptiles #boasofig #boamorph #motionreptiles","2018-05-28","651fd220-0e78-48dd-a28a-6b1f4b058bb9.jpg"
"17","787","A 2017 hypo jungle het VPI that was from a red panther pairing. Love the way this girl is developing #boaconstictor #boasofig #boa #boas #boasofinstagram","2018-05-06","27e2b6c6-c5c5-4276-b3cb-5cbb17b9ae42.jpg"
"18","785","This little beast is developing really well! 2017 VPI T+ sunglow 66% het anery hold back #boaconstrictor #boaconstrictorsofinstagram #snake #reptile #boasofinstagram #boasofig #motionreptiles","2017-11-15","515884b8-3142-428a-aca6-5392be8fb5f8.jpg"
"19","782","IMG het VPI T+ 50% het anery male. Sire to my VPI T+ IMG Jungle litter recently posted #boamorphs #boasofig #boasofinstagram #boas #motionreptiles #boa #boaconstrictor #boaconstrictors","2019-06-05","6b78a8c4-de3d-482a-8938-1c37251969d6.jpg"
"20","774","Killer clown female #ballpython #snakesofinstagram #reptile #reptiles #snake #ballpythonmorphs #ballpythonsofinstagram #snakes","2017-07-29","7ec1a658-a73a-4a9c-8e9f-bcda1c69901e.jpg"
"21","759","Breeding season is in full swing here! This girl just ovulated not too long ago. Sharp junglow motleys! #boaconstrictors #boasofinstagram #boaconstrictorsofinstagram #boamorphs #boa #reptiles #snake #reptile #snakes #boamorph #boamorphs #boamorph","2018-01-06","dbdff012-8c17-436f-bf63-962b747785e7.jpg"
"22","751","Sitting pretty #boaconstrictorimperator #snakes #reptiles #boaconstrictor #snakesofinstagram #reptilesofinstagram #snake #reptile","2017-08-30","fc178c9a-bb50-45a7-a812-7e01cfd454c2.jpg"
"23","737","A gorgeous 2018 VPI T+ jungle female. She’s an absolute screamer! #boaconstrictor #reptilesofinstagram #snakesofinstagram #motionreptiles #boas #boaconstrictorsofig #snakes #reptiles #reptile #snake","2018-05-14","0ab6d6b6-3389-428f-bfd9-e8055ea41e2f.jpg"
"24","736","2017 sharp jungle kids #boaconstrictor #snakes #reptiles #snake #snakes #reptilesofinstagram #snakesofinstagram #boasofinstagram","2017-05-31","f01ae496-55aa-4fb3-a7a8-5578c3cb21fc.jpg"
"25","735","A couple of 2018 female RedRum 66% het VPI T+ females produced here. I may be parting with These gems. DM me if interested. #boa #boaconstrictor #boasofinstagram","2019-07-12","386a7620-442d-4dbb-a9d6-119cf7eee4ad.jpg","2a986c7e-bc3a-4d8d-8f11-e18eabc17751.jpg"
"26","735","One of the newest additions, img motley het anery. This guy would not sit still! So this will do for now #boaconstrictor #boamorph #reptilesofinstagram #snakesofinstagram #snake #snakes #reptiles #reptile #boas #boasofig #boasofinstagram","2017-11-02","a510d347-a2a5-443d-a858-bec1f70aa526.jpg"
"27","727","2017 hold back VPI T+ RedRum #boacontrictor #boas #boasofig #boasofinstagram #reptile #snake #boaconstrictorsofinstagram #boa #reptiles #snakes","2018-04-23","f10b5ee5-597e-4260-82be-b8d9ffef8fc2.jpg"
"28","721","Red panther line VPI T+ sunglow poss jungle hold back from 2017. Yes they only get better with age! #boaconstrictors #boamorphs #boaconstrictorsofig #boas #boasofig","2018-12-06","50a4da18-fd42-480e-9d4c-fe7f371497a8.jpg"
"29","720","2017 VPI T+ poss super sunglow 66% het anery male #boa #boaconstrictor #reptiles #snake #boamorphs #boamorph #boaconstrictorsofinstagram #boasofinstagram #snakes #reptile","2018-01-31","7cc0060b-1e2a-466b-9530-da521b4418b7.jpg"
"30","717","2016 hypo jungle holdback beauty #boaconstrictor #boasofinstagram #snakesofinstagram #boasofig #boamorph #motionreptiles #snakes #reptiles","2017-11-26","63bb2647-c56b-4e73-82bb-8ee044f3cbd0.jpg"
"31","715","Who else likes their jungles fully striped?! This male is also 100% het VPI T+ #boaconstrictor #boaconstrictorsofinstagram #boamorph #boasofig #reptiles #snakes #motionreptiles","2017-12-10","5a25e14b-4939-402e-ac4d-73489ce2030f.jpg"
"32","710","Have this powerhouse male available. 2019 IMG Sharp Sunglow Jungle 50% het anery. DM me if interested #boaconstrictor #boas #boasofig #snakes #snake #boa #boaconstrictors #boamorph #boamorphs","2019-08-28","a5ba98d6-b046-4754-9ea7-df1f145f147c.jpg","0e5ea46a-4025-4fc9-96d8-58c0e38d48d7.jpg"
"33","689","Aztec VPI T+ #boaconstictor #boamorph #boaconstrictorsofinstagram #boaconstrictormorphs #reptilesofinstagram #snake #snakes #reptile #reptiles","2017-10-22","df62b495-b182-4976-b18d-e3fa81c67e38.jpg"
"34","686","2017 Sharp sunglow jungle hold back #boaconstrictor #boaconstrictors #snake #boasofinstagram #boasofig #boaconstrictorsofinstagram #reptiles #reptile #boas #snakesofinstagram","2018-03-25","d8f34959-688d-45d9-bff2-d9e78f6d4f06.jpg"
"35","684","Lipstick junglows are starting to shed. Look at this killer! Color saturation is already off the charts #boasofig #boas #boaconstrictorsofig #boamorphs #boaconstrictor","2019-04-30","bafd2bd9-e9a4-4fd3-b03b-83bd111a735c.jpg","9f29cd06-e0ea-4941-9153-6cfc128cfd87.jpg"
"36","684","Close up of the lipstick junglow #boaconstrictor #reptile #snakes #boa #boas #reptiles #boas #boasofinstagram #boasofig","2018-04-12","1a420e3e-9b67-47b6-853f-4738eec84e35.jpg"
"37","678","2018 female hypo jungle het VPI T+ (red panther line) looking squeaky clean #boasofig #boasofinstagram #boas #boamorphs #snake #reptiles #boaconstictor","2018-06-08","2389e62c-1d8e-4846-b12b-c9e97b0de73f.jpg"
"38","672","Holdback RedRum VPI T+ #boaconstrictor #boasofinstagram #reptiles #snakes #boamorph #boasofig #snakes #reptiles #motionreptiles","2017-11-30","8beada87-9ee4-42b6-8873-dbc679e3b276.jpg"
"39","670","Aztec VPI T+ hold back from last year #boaconstrictor #reptile #snake #boasofinstagram #reptiles #snakes #snakesofinstagram #reptilesofinstagram #boasofinstagram","2017-09-08","76459017-20e0-4d2e-ad3f-260a4f98bad2.jpg"
"40","653","2017 male lipstick poss super sunglow poss jungle #boaconstrictorimperator #snakes #boasofinstagram #snakesofinstagram #snakesofig #boaconstrictor #reptile #reptiles #reptilesofinstagram","2017-08-19","ab35d427-0b81-4aa1-be64-4d952eec80e2.jpg"
"41","647","2017 jungle het VPI T+ hold back #boaconstrictor #boa #boamorph #boas","2019-08-08","71efb373-0f52-4708-95ce-8af4a8b76610.jpg"
"42","633","VPI T+ snow tail #boaconstrictor #reptile #snake #boasofinstagram #snakesofinstagram #boasofig #snakes #reptiles #motionreptiles #boamorph","2017-11-24","0fc8d295-c3d4-4f91-8278-8e8eabae7fbb.jpg"
"43","632","Available: 2017 sharp sunglow jungle male. Very well started male with strong color. $750 shipped. I have a few unrelated females for him as well. DM me if interested. Thanks! #boaconstrictor #boamorph #boa #boamorphs #boaconstrictorsofinstagram #boasofinstagram #snakes #snake #reptile #reptiles","2018-01-07","6128c318-6b7f-416c-9156-1c4da4538c98.jpg"
"44","629","We had a killer litter drop. Pairing was an IMG motley het anery X keywest (pdmt line). These guys are insane! #boamorphs #boasofig #boa #boaconstrictor#boasofinstagram #boas #motionreptiles #boaconstrictors","2019-07-02","b83971bd-395e-44e5-805a-104ebba8480f.jpg","7226e17f-9821-4b1d-a4cc-32df8e7d067d.jpg","3089e498-207b-4eb9-8528-b35b1c95b98b.jpg"
"45","624","This girl was fired up after her meal. Poss super hypo jungle 100% het lipstick albino #boaconstrictor #reptiles #snakes #reptilesofinstagram #boaconstrictorsofig #boaconstrictorsofinstagram","2017-10-17","a7cf0b26-9951-44a6-a47d-b364f950e7ec.jpg"
"46","623","Lipstick albino jungle male #boaconstrictor #snakes #reptiles #boamorph #boasofig #boaconstrictorsofinstagram","2017-12-10","91c76a39-93d1-4599-af2c-111aab390f8f.jpg"
"47","622","IMG Hypo Jungle 66% het sharp 50% het anery male. First shed and meal on this boy. #boamorphs #boasofig #boasofinstagram #boas #boaconstrictor #boaconstrictors","2019-06-06","f31e70ca-9aac-4f93-88fb-44ed0c9fbb07.jpg"
"48","621","Fresh shed on this 2017 VPI T+ jungle. Love the way he's coloring up. Getting more and more yellow with each shed. #boaconstrictor #reptiles #snakes #boasofig #boamorph #boasofig #boaconstrictorsofinstagram #motionreptiles","2017-11-30","88c7fcee-bd62-4719-b52d-8b92b053a50c.jpg"
"49","613","Sharp sunglow #boaconstrictor #boas #snakes #reptiles #boasofig #boamorph #boaconstrictorsofinstagram","2017-12-10","2f05172b-8615-42ea-8d73-279fa82f75b0.jpg"
"50","607","Possible super sunglow #boaconstrictor #snakes #snakesofinstagram #reptilesofinstagram #reptiles #boasofinstagram","2017-09-09","8cddda78-b4a2-47df-82f6-66298adf258a.jpg"
"51","604","Fresh shed 2016 sharp sunglow holdback #boaconstrictor #snakes #reptiles #boaconstrictorsofinstagram #snake #reptile #boasofinstagram #pet","2017-07-01","7ac7ec4a-d889-473a-a2f4-b84a802f4271.jpg"
"52","597","A better shot of some of the red panther line VPI T+ junglow litter born the other day. Can’t wait for them to shed! #boaconstictor #boasofinstagram #reptiles #snakesofinstagram #reptile #reptilesofinstagram #motionreptiles #boas #snake #snakes","2018-05-17","a2b7b4d2-f933-478f-aec8-414310028cb2.jpg"
"53","593","Male VPI T+ 100% het anery #boaconstrictor #boamorph #boas #boasofig #snakesofinstagram #boasofinstagram #snake #reptile","2017-11-24","c42f4aec-58b4-4041-a915-9557fbc82b0a.jpg"
"54","587","Possible super hypo jungle het lipstick female #boaconstrictor #boasofinstagram #reptiles #snakes #reptilesofinstagram #snakesofinstagram #snakes","2017-09-09","89bf2650-44e5-4992-b275-146972f7efe5.jpg"
"55","584","A crazy sharp sunglow img poss jungle female. The color on this animal is ridiculous I can’t even come close to capturing it #boaconstrictor #boamorphs #boasofig #boa #boasofinstagram #boas #boamorph #motionreptiles #snakesofinstagram","2019-06-11","c10660f0-8701-4f5b-a79a-edc87f8b93fa.jpg","e1af9d46-966c-405e-80b0-79dbd99f8a9f.jpg","97d96d4c-9e1c-4271-ab09-e48277be3e92.jpg"
"56","580","Some kahl siblings #boaconstrictor #boasofinstagram #reptiles #boasofig #snake #snakesofinstagram #snakes #reptile #reptilesofinstagram","2017-09-24","c4a51da5-c826-4afe-ae6e-91c04dd03b96.jpg"
"57","578","A nice sterling litter that dropped earlier this morning! #boaconstrictor #boa #boasofinstagram #boas #boasofig #snake #snakes #reptile #reptiles","2018-05-21","6d9daead-a70c-4a4c-a4aa-314dfc84844c.jpg"
"58","577","2017 female hytec het anery 66% het VPI T+ #boaconstrictor #boa #boas #boasofinstagram #snakes #snake #reptiles #reptile","2017-11-13","adccf3d1-81ee-4daa-abe5-942f7a852bba.jpg"
"59","574","Available: Female killer clown. This girl is bright! Taking frozen thawed and will eat anything put in front of her. DM me if interested. Thanks #snakesofinstagram #snake #ballpython #ballpythonmorph #ballpythons #ballpythonmorph","2017-10-29","2ec48bde-a5b2-45b4-a4d3-57020999a009.jpg"
"60","573","2017 VPI T+ Sunglow 66% het anery hold back #boaconstrictor #boasofig #boamorph #boa #boas","2019-08-21","32b6a179-8493-400a-acf8-b85f583d4600.jpg","af0114ef-12ec-4cca-b45a-100681fcdd0d.jpg","5a80d460-87ae-469e-b5ff-4225bbf41d06.jpg"
"61","571","2017 VPI T+ snowglow hold back #boaconstrictor #boamorphs #boaconstrictorsofig #boas #boasofig","2018-11-28","73b4e4bd-e2ef-4736-926b-911cbb3ea3ed.jpg"
"62","567","One of my favorites just shed. 2016 VPI T+ #boaconstrictor #snake #boasofinstagram #boaconstrictorsofinstagram #snake #reptile #snakes #reptiles","2017-07-01","e383f6bd-6fc6-4c14-802c-d56349ca20ec.jpg"
"63","565","Hello beautiful. 2019 VPI T+ snow female #boa #boaconstrictor #boaconstrictors #boasofinstagram #boas #boasofig #boamorph #motionreptiles","2019-07-09","64e964cd-3665-4fbd-be0f-b910ab08a949.jpg"
"64","565","2018 male red panther line VPI T+ jungle #boaconstrictor #boasofig #boaconstrictorsofinstagram #boas #boamorphs #boaconstrictors","2018-10-11","f77ec9a8-d8db-4959-84ba-620ba69c4fe7.jpg"
"65","565","Awesome pattern on this jungle #boaconstrictor #boasofinstagram #boasofig #boa #snakes #reptiles #snakesofinstagram #reptile #snake #snakesofinstagram #reptilesofinstagram","2017-08-31","5b4f97a5-262a-4490-a2c0-ef4e0a396583.jpg"
"66","562","2017 possible super sunglow jungle male #boaconstrictor #snakes #reptiles #boasofig #boamorph #boaconstrictorsofinstagram","2017-12-01","f76fd1ea-74bd-4a00-b49d-7a6611975965.jpg"
"67","559","Male jungle 100% het VPI T+ #boaconstrictors #reptiles #snakes #reptile #snake #boaconstictor #boaconstrictorsofinstagram #reptilesofinstagram #boaconstrictormorphs #boamorph","2017-10-21","af33a027-f139-4248-b465-58cc99d6be09.jpg"
"68","558","2017 RedRum 66% het VPI T+. I love this gene! So much color at such a young age. I can't wait to see what he looks like as an adult #boaconstrictor #boamorph #motionreptiles #boasofig #snakesofinstagram #boasofinstagram #snakes #reptiles #snake #reptile","2017-11-25","648f0c4a-8e24-4838-9f64-84f7789e87ea.jpg"
"69","558","Available: 2017 male clown. Please DM me if interested. Thanks! #ballpython #reptilesofinstagram #snakesofig #snakesofinstagram #snakes #reptiles #reptile #ballpythonsofinstagram #ballpythonmorph #ballpythonsofig","2017-08-13","1f1b47a2-7c81-4eea-baa7-8b5d81b222be.jpg"
"70","553","A cool pic of a misted down img beauty. I can wait to make some cool img stuff. The next season is right around the corner! #boaconstrictorsofinstagram #boasofig #boas #motionreptiles #snake #boas #boaconstrictorsofig","2018-08-01","2a3300cd-b716-45ef-8117-99359e9cc84d.jpg"
"71","551","VPI T+ jungle holdback #boaconstrictor #snakes #reptiles #boasofinstagram #boasofig #snakesofinstagram #snakesofinstagram #snake #reptile","2017-10-30","764a6242-0a73-4eab-8884-28fbf8ac8c47.jpg"
"72","551","Angry little VPI T+ Motley #boaconstrictor #snakesofinstagram #snake #snakes #reptiles #reptile #reptilesofinstagram #boasofinstagram","2017-08-07","6d21a5a1-760d-4826-b657-bbb46a967571.jpg"
"73","550","A pretty VPI T+ taking a bath #boaconstrictor #boasofinstagram #snakesofinstagram #reptilesofinstagram #reptiles #snakes #snake #reptile","2017-09-02","fed9920a-c1fb-4717-9da2-c6a9fda4f863.jpg"
"74","549","2019 VPI T+ sunglow motley female #boaconstrictor #boaconstrictors #boas #boa #boamorph #boasofig","2019-07-25","ab88609b-bb08-44b2-8772-2b458345dca0.jpg","a3d24b8f-c988-4682-a971-31580f41bd18.jpg"
"75","548","2017 Sharp sunglow jungle holdback #boaconstrictor #boasofig #boasofinstagram #reptile #snake #boaconstrictorsofinstagram","2017-11-17","97ab546b-eb4c-4b37-965d-7c4c7aedf2ad.jpg"
"76","546","2019 IMG VPI T+ Jungle female #boaconstrictor #boamorphs #boasofig #snakes #boasofinstagram","2020-03-02","44dd5563-e5b3-4b42-ad29-fd90cc552dc6.jpg"
"77","541","VPI T+ red panther line female. They only get better with age! #boamorphs #boaconstrictorsofig #boas #boaconstrictorsofinstagram #boasofig #boaconstrictor","2018-11-14","faf9cc35-aa91-40c2-895a-92a01632d7e6.jpg"
"78","541","2017 hypo jungle 100% het sharp female. Can’t believe this girls still available! Color for days!! #boaconstictor #boamorphs #boas #boasofig #boaconstrictorsofig","2018-07-06","0b8ecf51-04fb-4346-8b77-10eb7d17ec1e.jpg"
"79","539","RedRum 66% het VPI T+ kids starting to shed 😍 #boaconstictor #boasofig #boasofinstagram #boas #boamorphs #motionreptiles #snakes #reptiles #snake #reptile","2018-06-13","b12252f2-c99d-4d33-9ac5-457240c6559a.jpg"
"80","538","Happy thanksgiving! Here's a holdback VPI T+ snowglow #boaconstrictor #boasofinstagram #boasofig #snakesofinstagram #boamorph #boas #snakes #reptiles #motionreptiles","2017-11-23","02af421b-71da-4b7b-8830-471488b8703c.jpg"
"81","535","Sterling #boaconstrictor #boasofinstagram #boamorph #boasofig #snakesofinstagram #reptilesofinstagram #snakes #reptiles #snake #reptile #reptilesofinstagram","2017-10-09","50722d04-c19c-49c6-995b-c0dcba3e2e90.jpg"
"82","534","2017 VPI T+ jungle male from a red panther pairing with a full belly. #boaconstrictor #boasofinstagram #boasofig #boamorph #snakesofinstagram #reptilesofinstagram #snakes #reptiles #reptile #snake","2017-10-11","ed92bdd7-dc3e-4ffa-beec-a18a3549d7c2.jpg"
"83","527","Hold back sharp albino motley beauty #boasofig #boasofinstagram #boas #boaconstrictorsofig #boamorphs","2019-05-07","d052dc1c-b936-4ac5-b146-bf45ba9dfcdb.jpg"
"84","527","This male is one of my favorite hold backs of the year. Can't wait to see him as an adult! Sharp sunglow jungle #boaconstrictor #reptiles #snakes #reptilesofinstagram #boaconstrictorsofinstagram #boaconstrictorsofig #snake #reptile","2017-10-15","d91544a0-0bae-4375-a05d-64b24040ce7b.jpg"
"85","526","Had an awesome clutch hatch out last night! OD enchi x OD enchi YB #ballpython #reptilesofinstagram #snakesofinstagram #ballpythons #ballpythonmorph #ballpythonsofig #ballpythonmorphs","2017-10-12","3045d56e-4c00-43db-8d6c-6e09e4e5882c.jpg"
"86","526","Killer clown female #ballpython #snake #reptile #snakesofinstagram #ballpythonsofinstagram #ballpythonmorph #reptiles #snake","2017-08-21","d95e3c59-b47e-43c5-b414-5396d7fa5a2f.jpg"
"87","525","2017 male poss super sunglow jungle. From both lipstick and coral lines. #boaconstrictor #boasofinstagram #snakes #reptiles #snakesofinstagram #boaconstrictorsofinstagram #boamorphs #snake #reptile","2018-01-17","e7244503-230c-4146-9b17-612f4b0b2d84.jpg"
"88","521","2018 jungle 100% het VPI T+ male #boaconstictor #boasofig #boa #boas #boasofinstagram","2018-05-04","73eb73cd-0eed-4589-b361-7d22f2674cf3.jpg"
"89","521","One of my favorites in my collection. 2016 lipstick sunglow #boaconstrictor #boasofinstagram #boasofig #reptiles #snakes #snake #reptile","2017-07-13","0f023d97-1153-4e90-839a-43e34f80e200.jpg"
"90","520","Sharp strain #boaconstrictor #snakesofinstagram #reptiles #reptile #snakes","2017-04-28","c2e29712-046c-406d-9ef2-3e9443f11479.jpg"
"91","519","2018 male VPI T+ sunglow jungle from red panther lines #boaconstictor #boasofig #boas #boamorph #boamorphs #boaconstrictorsofig #boaconstrictorsofinstagram #motionreptiles","2018-08-30","a31b1052-d8aa-444c-aee2-975699bada88.jpg"
"92","519","2017 VPI T+ #boaconstrictor #snakes #snake #reptile #reptilesofinstagram #reptiles","2017-05-25","de9b1865-189f-4e53-a8ed-642284a720e6.jpg"
"93","518","#boaconstrictor #boasofinstagram #reptiles #snakes","2017-03-25","07cb1897-0c69-4990-9d40-d193c0cd81d4.jpg"
"94","517","2016 poss super sunglow jungle #boaconstrictor #reptilesofinstagram #snakesofinstagram #boamorph #boasofig #boasofinstagram #snake #reptile #snakes #reptiles","2017-10-10","0d2d0533-4922-4743-a93a-5f41f68586cf.jpg"
"95","516","Some 2019 lipstick possible super sunglow jungles that will be available shortly. Please DM me if interested! #boasofig #boasofinstagram #boas #boaconstrictorsofig #boamorphs #boas #boa #reptile #boaconstrictors #boaconstrictor","2019-05-03","553ba625-5a3e-4280-91a7-559012725d88.jpg","848ee53f-16c1-4c56-bc22-e7b508ea3076.jpg","d2061f5e-5c75-488d-abf2-efa146ca76d0.jpg","948beb74-623f-4bc9-bf08-2935967568fe.jpg","bb4f7c3d-ee96-424f-8d66-3445ed7d86da.jpg"
"96","515","A really clean VPI T+ #boaconstrictor #reptiles #reptile #snakes #snake #snakesofinstagram #reptilesofinstagram","2017-04-29","65fb4a19-d93a-4b9b-9135-b831976f33f4.jpg"
"97","514","Sharp #boaconstrictor #boasofinstagram #boasofig #reptilesofinstagram #snakes #reptiles","2017-09-13","511fc8fe-125d-4932-a90e-7a8a92d83538.jpg"
"98","513","A good looking OD yb #ballpython #ballpythonsofinstagram #ballpythonmorph","2015-12-02","c9ba24fe-9187-462d-8ea3-11964d0cb7fd.jpg"
"99","511","Available 2019 IMG Sharp Sunglow male. Shoot me a DM! #boa #boasofig #boaconstrictors #boamorph #boasofig #boaconstrictorsofig","2019-10-02","20a35b48-83e8-40c5-b65e-b1634f92c8a6.jpg","eeec6c2c-2f6b-4180-98d9-14fcef57cb87.jpg","14b250ff-84e7-4de2-82d1-471163b43013.jpg"
"100","511","2017 hypo jungle 100% het VPI T+ female #boasofig #boas #boaconstrictorsofig #boamorphs #boaconstrictor","2019-04-24","7a8eeb8e-ce1b-4045-8751-178e15fbd837.jpg"
"101","507","“Want a piece of me?” No big momma just want to clean off your babies! Beautiful jungle het sharp just dropped a nice litter that I’ll post in a few #boamorphs #motionreptiles #boas #boasofinstagram #snakes #boaconstrictor","2018-06-19","b9621127-8c33-4c98-90fb-bce0b89236d6.jpg"
"102","506","A killer colored 2017 female sharp albino. Get a head start with quality sharp lineage with this girl. DM me if interested #boamorphs #boasofinstagram #boasofig #boas #snakes #boaconstrictorsofig #boaconstrictor","2018-06-21","166084c2-cdfe-417c-92f4-1d1895a3880f.jpg"
"103","503","2017 male possible super sunglow jungle. From a lipstick junglow x coral super sunglow pairing. #boasofinstagram #boasofig #reptiles #snake #boamorph #boaconstrictor #snakes #reptile #boas","2018-02-02","faf1e621-eb48-477d-b972-93062268f6fa.jpg"
"104","502","2017 hold back RedRum VPI T+ #boa #boaconstictor #boasofig #boasofinstagram #boas #motionreptiles #boamorphs #snakes #reptile #snake #reptiles #boamorph","2018-06-14","6723b231-9e82-4f26-9fc3-2fadce713a59.jpg"
"105","499","Sterling #boaconstictor #boasofinstagram #boas #boasofig #boaconstictor #reptilesofinstagram #snakesofinstagram #snake #reptile","2018-06-02","63907c5a-f8e8-4328-b380-55a25a4cddc7.jpg"
"106","497","2018 sterling male! #boaconstrictor #boaconstrictors #boamorphs #boaconstrictorsofig #boas #reptile #reptiles","2018-12-05","e1c57394-ca80-4e45-9602-ba38f9259a5f.jpg"
"107","495","A gorgeous sharp albino jungle female! #boaconstrictor #snakesofinstagram #snake #snakes #reptile #reptiles #boa #boasofinstagram","2017-08-05","b1f57de4-0ead-473a-9292-cbd32c53bc69.jpg"
"108","494","Going to miss you little man! Safe travels. Lipstick poss super sunglow jungle #boaconstrictor #snake #snakesofinstagram #boasofig #reptile #reptilesofinstagram #boasofinstagram #snakes #reptiles #motionreptiles","2017-11-07","78e8cdc1-bfbf-47db-a095-cc72322fc00a.jpg"
"109","494","2017 VPI T+ jungle male #boaconstrictor #boasofinstagram #snakesofinstagram #reptiles #snakes","2017-06-10","bdbe2d76-b79f-4b00-9bfc-c11ed19c5fce.jpg"
"110","493","#boaconstrictor #snakes #reptiles #reptilesofinstagram","2017-02-11","e1917933-f23e-4093-ae39-e0ba167ab7c1.jpg"
"111","490","2017 sharp albino. This girls a screamer! #boamorph #boasofinstagram #boaconstrictorsofinstagram #boa #boamorphs #snakes #snake #reptile #reptiles","2018-01-14","a023b2e7-eaa6-44a3-a38d-77c0b6eaa55e.jpg"
"112","488","A pretty VPI T+ #boaconstrictor #snakes #snake #reptiles #reptile #snakesofinstagram #reptilesofinstagram #motionreptiles #boamorph","2017-11-02","d6083353-8961-44bd-a70e-dab4d0fad47e.jpg"
"113","487","VPI T+ poss super sunglow hold back #boaconstrictor #snakesofig #snakesofinstagram #reptile #snake #reptiles #snakes #reptilesofinstagram #boasofinstagram #boasofig","2017-09-16","f9bdc45e-67f4-47d2-87e2-917da8b284ef.jpg"
"114","485","2018 motley het sharp female $350 shipped. Please DM me if interested. #boaconstrictors #boamorphs #boaconstrictorsofig #boas #boasofig","2018-12-03","16c7be83-32fb-4c8e-8b54-1b96c5366a87.jpg"
"115","485","VPI T+ snowglow looking awesome. I do love purple a boa #boaconstrictorsofinstagram #boamorph #boasofig #reptiles #snakes #motionreptiles #boaconstrictor #boa #boas #snakes #reptiles","2017-12-06","8aae34b0-329a-4158-8fa7-de6efdcea28c.jpg"
"116","484","2016 lipstick sunglow jungle #boaconstrictor #boasofig #boasofinstagram #snake #reptile #boaconstrictorsofinstagram #snakes #reptiles","2017-11-19","f510f28e-275e-443b-b350-bcb370c7fd75.jpg"
"117","481","2019 anery 100% het VPI T+ male #boasofig #boasofinstagram #boas #boaconstrictors #boaconstrictorsofig #boamorphs #boaconstrictor","2019-05-14","d89e9e40-2b35-4e24-b898-842b81515bdd.jpg"
"118","481","2016 sunglow jungle holdback #boaconstrictor #boaconstrictorimperator #boaconstrictorsofinstagram #snakes #boasofinstagram #snake #reptiles #reptile","2017-08-14","90a94506-4b9b-47df-91c4-0e0e1c4a7571.jpg"
"119","480","One of the Sharp albino beauties. I Can’t even come close to picking up the color #boasofig #boas #boaconstrictorsofig #boaconstictor #boa #snakes #boamorphs #","2018-07-03","c1e91913-5812-4c89-bed9-1b3c8b1b64a4.jpg"
"120","478","An insane 2018 sharp albino jungle male. Crazy pink highlights going down his sides #boasofig #boas #boaconstrictorsofig #boamorphs #boaconstrictor","2019-02-06","6b4513b8-67e4-4dde-b7b6-d70df6d9e953.jpg"
"121","475","OD fire x ODYB spider clutch just hatched #ballpython #ballpythonofig #ballpythonmorph #snakes #reptiles #reptile #snake #ballpythonmorphs","2017-05-10","101aa6b2-392b-448b-8b72-97efe64efeb3.jpg"
"122","473","My hold back 2017 VPI T+ snow. She looks identical to her dad! #boaconstrictor #reptilesofinstagram #boasofinstagram #reptiles #snakes #snakesofinstagram #snake #reptile #boaconstrictors #boaconstrictorsofinstagram","2017-10-13","14b8b312-735d-45d5-aec1-649f598a4b07.jpg"
"123","472","Got to play with some goo last night! Had an awesome VPI X jungle het VPI litter drop last night. Couldn’t be happier with the results! #boasofig #boaconstrictor #boasofinstagram #snake #reptile #boaconstrictorsofinstagram #boas #snakes #reptiles","2018-04-04","f895853d-8b97-4cb0-8eb6-0b9598ee8f13.jpg"
"124","471","Hold back lipstick junglow #boaconstrictor #boamorph #snakesofinstagram #snake #reptiles #snakes #reptile #reptilesofinstagram #snakesofinstagram","2017-10-05","0acf89b0-0172-4ec5-92f6-d2b07a644f80.jpg"
"125","470","Cute little VPI T+ #boaconstrictor #snakes #reptiles #boamorph #boasofig #reptile #boa #boaconstrictorsofinstagram #motionreptiles","2017-12-08","4f6b3839-4010-4fbf-aa79-5789c67818f5.jpg"
"126","469","VPI T+ jungle #boaconstrictor #boasofig #boamorph #boaconstrictorsofinstagram #reptiles #snakes #boaconstrictors #reptilesofinstagram","2017-12-10","bc3a60c9-0016-465e-83b1-545ed79c9338.jpg"
"127","468","2019 IMG Jungle 66% het VPI T+ male produced here #boaconstrictor #boas #boamorph #boamorphs #boasofig #boa #boaconstrictors #boaconstrictorsofig #boamorphs","2020-04-02","9317088f-726d-42f1-8d10-5627265fbe8d.jpg"
"128","468","Grouchy pants #boaconstrictor #snakes #boasofinstagram #snake #boaconstrictorimperator #boamorphs #reptiles #snakes #reptile #snakesofinstagram","2017-10-25","17de12e7-f001-4ecc-8a22-66dde26e7128.jpg"
"0","2072","2017 possible super sunglow jungle male #boaconstrictor #boasofig #boas #boasofinstagram #snake #snakes #reptiles #reptile","2018-05-18","a95ac17c-f055-4c9e-ae7c-40c8c0c781ff.jpg"
"1","1385","2016 VPI T+ hold back. Love her colors! #boaconstrictor #reptile #reptilesofinstagram #snakesofinstagram #reptiles #snakes #snake","2017-04-18","e0307e54-7cba-4ac9-bf3f-cc899a59f885.jpg"
"2","1171","2018 sterling male! #boaconstrictor #boamorphs #boas #boaconstrictorsofinstagram #boasofig","2018-10-18","5ba10458-b5c7-46fd-8d70-8aa7d74a6ff3.jpg"
"3","1056","Sharp sunglow jungle hold back #boaconstrictor #boamorph #boa #boamorphs #snake #reptile #boaconstrictorsofinstagram #boasofinstagram #snakes #reptiles #motionreptiles","2018-01-13","47fb0cea-6dc9-4e67-8766-cb72d78fa084.jpg"
"4","1018","2019 motley keywest 50% het anery male #boa #boaconstrictor #boaconstrictors #boasofig #boas #boamorph","2019-08-09","cd820130-dd61-40ac-83ad-2e6a31850fa0.jpg"
"5","974","Got to play with some more goo! VPI motleys and a VPI Motley sunglow. These were some big babies #boaconstrictor #reptiles #snake #boasofinstagram #boaconstrictorsofinstagram #snakes #reptile","2017-07-07","5ebccf73-6750-43cd-a76d-20567113d43b.jpg"
"6","968","Redrum 66% het VPI T+ holdback. One of my favorite girls #boaconstrictor #reptile #snake #boasofinstagram #boaconstrictorsofinstagram #motionreptiles","2017-11-13","012f2bf4-ccd3-4a39-9dd8-c1997d86aad7.jpg"
"7","965","Some lipstick possible super sunglow animals produced here #boamorphs #boasofig #boasofinstagram #boas #motionreptiles #boa #boaconstrictor","2019-06-04","7c8bd987-5ced-43fa-9bbb-aaeb386c10b6.jpg","cbcd07e3-62a8-4500-97b4-a5cef2c6aecf.jpg","e31ccd45-4f82-477f-889a-a0aae349b3ed.jpg","b4d9ab27-16f2-481f-8061-c11b6d51bbf4.jpg","8416605f-9709-4921-b393-c493fe3c2c4e.jpg","04bdd246-6e30-463a-97b4-7adeb270e4c7.jpg"
"8","952","A beautiful 2018 VPI T+ #boaconstrictor #reptilesofinstagram #boas #boasofinstagram #boasofig #snakes #reptiles #boasofig","2018-05-25","0cdb6014-3867-4028-99ea-90bd2d3d5f0e.jpg"
"9","952","Love this sexy little thing. Hold back RedRum VPI T+ #boaconstrictor #boaconstrictorsofinstagram #boasofig #boasofinstagram #snakes #reptiles #motionreptiles #snake #reptile #boa #boas #boamorph #boamorphs","2017-12-16","3af6f4bf-46a9-4626-8aa0-05b80aed52cd.jpg"
"10","925","2.5 month old IMG 66% het sharp #boaconstrictor #boas #boasofig #motionreptiles","2019-08-13","075ef4a1-b893-4f88-9236-53952a8faf91.jpg","5c134448-5453-4f08-84df-7451fd808ecf.jpg"
"11","873","2017 male lipstick poss super sunglow poss jungle #boaconstrictor #boasofinstagram #snakes #reptiles #snakesofinstagram #boaconstrictorsofinstagram #boamorphs #snake #reptile","2018-01-17","78c85af0-139a-40f1-802a-2cc38095afce.jpg"
"12","853","Redrum VPI T+ #boaconstrictor #snake #boasofinstagram","2015-12-21","40624d92-c994-48ee-9b97-dbe298ba2370.jpg"
"13","828","2017 poss super sunglow jungle male #boaconstrictor #reptilesofinstagram #snakesofinstagram #boamorph #boasofig #boasofinstagram #snakes #reptiles #boaconstrictors #snake #reptile","2017-10-08","87818e48-f332-441e-8183-18006ce2660c.jpg"
"14","813","Had a cool litter drop last night. Red panther VPI T+ sunglow x jungle het VPI T+ #boasofinstagram #boaconstrictor #snake #reptiles #boasofig #snakes","2017-06-29","35c93c8d-792a-4e2c-a79d-bf71d8aed07e.jpg"
"15","809","2016 hold back VPI T+ Aztec #boaconstrictor #boasofinstagram #snakes #reptiles #snake #reptile #boaconstrictors #boaconstrictorsofinstagram #boaconstrictorimperator","2017-08-14","2cae9ef2-db5a-424b-aef2-3aab0a858b48.jpg"
"16","790","2018 VPI T+ jungle male #boaconstictor #reptilesofinstagram #boas #snake #reptile #boasofinstagram #boasofig #snakes #reptiles #boasofig #boamorph #motionreptiles","2018-05-28","d93c612f-6327-49b7-a9bf-49e4ea6f6f63.jpg"
"17","787","A 2017 hypo jungle het VPI that was from a red panther pairing. Love the way this girl is developing #boaconstictor #boasofig #boa #boas #boasofinstagram","2018-05-06","009c8715-7398-4129-8318-5429b991da48.jpg"
"18","785","This little beast is developing really well! 2017 VPI T+ sunglow 66% het anery hold back #boaconstrictor #boaconstrictorsofinstagram #snake #reptile #boasofinstagram #boasofig #motionreptiles","2017-11-15","80418878-9992-4fb4-8465-cf15aa8fae86.jpg"
"19","782","IMG het VPI T+ 50% het anery male. Sire to my VPI T+ IMG Jungle litter recently posted #boamorphs #boasofig #boasofinstagram #boas #motionreptiles #boa #boaconstrictor #boaconstrictors","2019-06-05","7d0dd615-b273-4ada-a796-d68567032cd7.jpg"
"20","774","Killer clown female #ballpython #snakesofinstagram #reptile #reptiles #snake #ballpythonmorphs #ballpythonsofinstagram #snakes","2017-07-29","17bb7888-0c19-4c6c-8af0-db285b61d9fa.jpg"
"21","759","Breeding season is in full swing here! This girl just ovulated not too long ago. Sharp junglow motleys! #boaconstrictors #boasofinstagram #boaconstrictorsofinstagram #boamorphs #boa #reptiles #snake #reptile #snakes #boamorph #boamorphs #boamorph","2018-01-06","e9ac37bb-6835-4be3-94fb-2f352e75aa39.jpg"
"22","751","Sitting pretty #boaconstrictorimperator #snakes #reptiles #boaconstrictor #snakesofinstagram #reptilesofinstagram #snake #reptile","2017-08-30","04c5803c-fd15-4ef7-8949-ae97400b67c9.jpg"
"23","737","A gorgeous 2018 VPI T+ jungle female. She’s an absolute screamer! #boaconstrictor #reptilesofinstagram #snakesofinstagram #motionreptiles #boas #boaconstrictorsofig #snakes #reptiles #reptile #snake","2018-05-14","2b996162-2044-4c3c-88fb-b70f4cdd6450.jpg"
"24","736","2017 sharp jungle kids #boaconstrictor #snakes #reptiles #snake #snakes #reptilesofinstagram #snakesofinstagram #boasofinstagram","2017-05-31","3e48b5a8-4bef-47e4-a416-cac8ba42c4fb.jpg"
"25","735","A couple of 2018 female RedRum 66% het VPI T+ females produced here. I may be parting with These gems. DM me if interested. #boa #boaconstrictor #boasofinstagram","2019-07-12","6769863f-4ade-4110-87c3-af70e9937d9b.jpg","f55e8dca-7e30-409e-9c2a-50cc7669d2a2.jpg"
"26","735","One of the newest additions, img motley het anery. This guy would not sit still! So this will do for now #boaconstrictor #boamorph #reptilesofinstagram #snakesofinstagram #snake #snakes #reptiles #reptile #boas #boasofig #boasofinstagram","2017-11-02","5f328f91-b942-4fed-a7e3-edee19f84d4a.jpg"
"27","727","2017 hold back VPI T+ RedRum #boacontrictor #boas #boasofig #boasofinstagram #reptile #snake #boaconstrictorsofinstagram #boa #reptiles #snakes","2018-04-23","e8ea8e00-9ec2-4072-b73b-bbad7328b378.jpg"
"28","721","Red panther line VPI T+ sunglow poss jungle hold back from 2017. Yes they only get better with age! #boaconstrictors #boamorphs #boaconstrictorsofig #boas #boasofig","2018-12-06","e8f7647d-304a-4d6a-a2e8-881cc358fa01.jpg"
"29","720","2017 VPI T+ poss super sunglow 66% het anery male #boa #boaconstrictor #reptiles #snake #boamorphs #boamorph #boaconstrictorsofinstagram #boasofinstagram #snakes #reptile","2018-01-31","d1a4c362-7069-4510-9b6b-9074a8c8ce7f.jpg"
"30","717","2016 hypo jungle holdback beauty #boaconstrictor #boasofinstagram #snakesofinstagram #boasofig #boamorph #motionreptiles #snakes #reptiles","2017-11-26","c7bdd405-ab8d-4422-a87b-2897df025d62.jpg"
"31","715","Who else likes their jungles fully striped?! This male is also 100% het VPI T+ #boaconstrictor #boaconstrictorsofinstagram #boamorph #boasofig #reptiles #snakes #motionreptiles","2017-12-10","32291385-b2f8-4789-b38a-88e7ad4431ce.jpg"
"32","710","Have this powerhouse male available. 2019 IMG Sharp Sunglow Jungle 50% het anery. DM me if interested #boaconstrictor #boas #boasofig #snakes #snake #boa #boaconstrictors #boamorph #boamorphs","2019-08-28","f5821e21-3b68-4257-a896-da0e773bedb8.jpg","1ba08ae8-dbd3-435c-8029-58471729b009.jpg"
"33","689","Aztec VPI T+ #boaconstictor #boamorph #boaconstrictorsofinstagram #boaconstrictormorphs #reptilesofinstagram #snake #snakes #reptile #reptiles","2017-10-22","5f804e6f-00a4-41f0-b1a8-131d657ef40d.jpg"
"34","686","2017 Sharp sunglow jungle hold back #boaconstrictor #boaconstrictors #snake #boasofinstagram #boasofig #boaconstrictorsofinstagram #reptiles #reptile #boas #snakesofinstagram","2018-03-25","842606e6-edab-4c4e-b440-ef469fe9ec31.jpg"
"35","684","Lipstick junglows are starting to shed. Look at this killer! Color saturation is already off the charts #boasofig #boas #boaconstrictorsofig #boamorphs #boaconstrictor","2019-04-30","348489bb-c395-42be-b07c-db2825a79284.jpg","f36a358f-2770-4ec2-9332-8de55b81fb59.jpg"
"36","684","Close up of the lipstick junglow #boaconstrictor #reptile #snakes #boa #boas #reptiles #boas #boasofinstagram #boasofig","2018-04-12","872d76bc-2a9a-4be2-b395-57ddf349eb76.jpg"
"37","678","2018 female hypo jungle het VPI T+ (red panther line) looking squeaky clean #boasofig #boasofinstagram #boas #boamorphs #snake #reptiles #boaconstictor","2018-06-08","0dd224c4-feb8-49d2-bce0-35c5246df96a.jpg"
"38","672","Holdback RedRum VPI T+ #boaconstrictor #boasofinstagram #reptiles #snakes #boamorph #boasofig #snakes #reptiles #motionreptiles","2017-11-30","24d2491e-9c68-417f-926e-48f39f928edb.jpg"
"39","670","Aztec VPI T+ hold back from last year #boaconstrictor #reptile #snake #boasofinstagram #reptiles #snakes #snakesofinstagram #reptilesofinstagram #boasofinstagram","2017-09-08","0d9d05b7-aede-4cac-a725-9b557780217a.jpg"
"40","653","2017 male lipstick poss super sunglow poss jungle #boaconstrictorimperator #snakes #boasofinstagram #snakesofinstagram #snakesofig #boaconstrictor #reptile #reptiles #reptilesofinstagram","2017-08-19","d242a02a-0250-4469-84a4-5fe0ef12c3b0.jpg"
"41","647","2017 jungle het VPI T+ hold back #boaconstrictor #boa #boamorph #boas","2019-08-08","9f4673c6-89fe-4bf5-8bf1-9f2b8422053b.jpg"
"42","633","VPI T+ snow tail #boaconstrictor #reptile #snake #boasofinstagram #snakesofinstagram #boasofig #snakes #reptiles #motionreptiles #boamorph","2017-11-24","7352ba4b-ab34-49aa-a646-47b92de61265.jpg"
"43","632","Available: 2017 sharp sunglow jungle male. Very well started male with strong color. $750 shipped. I have a few unrelated females for him as well. DM me if interested. Thanks! #boaconstrictor #boamorph #boa #boamorphs #boaconstrictorsofinstagram #boasofinstagram #snakes #snake #reptile #reptiles","2018-01-07","cbf491ad-2939-4b0e-9abd-41e846952e25.jpg"
"44","629","We had a killer litter drop. Pairing was an IMG motley het anery X keywest (pdmt line). These guys are insane! #boamorphs #boasofig #boa #boaconstrictor#boasofinstagram #boas #motionreptiles #boaconstrictors","2019-07-02","510fdf47-16c7-4bf5-80d8-72bae3095e99.jpg","cb2c3c24-3b38-48c7-be16-be756ef3b1af.jpg","58a55cc4-d435-4c9b-b0a8-2b065d1aaf10.jpg"
"45","624","This girl was fired up after her meal. Poss super hypo jungle 100% het lipstick albino #boaconstrictor #reptiles #snakes #reptilesofinstagram #boaconstrictorsofig #boaconstrictorsofinstagram","2017-10-17","2bb94543-f1d5-4d1d-ab51-5b8e228be137.jpg"
"46","623","Lipstick albino jungle male #boaconstrictor #snakes #reptiles #boamorph #boasofig #boaconstrictorsofinstagram","2017-12-10","cf30f6bc-7598-45eb-8b62-d24ceacec3b1.jpg"
"47","622","IMG Hypo Jungle 66% het sharp 50% het anery male. First shed and meal on this boy. #boamorphs #boasofig #boasofinstagram #boas #boaconstrictor #boaconstrictors","2019-06-06","50ba3ef2-e471-4ebc-be63-3f1d5779e814.jpg"
"48","621","Fresh shed on this 2017 VPI T+ jungle. Love the way he's coloring up. Getting more and more yellow with each shed. #boaconstrictor #reptiles #snakes #boasofig #boamorph #boasofig #boaconstrictorsofinstagram #motionreptiles","2017-11-30","123f635c-a9c2-446d-b709-939c9419cf6d.jpg"
"49","613","Sharp sunglow #boaconstrictor #boas #snakes #reptiles #boasofig #boamorph #boaconstrictorsofinstagram","2017-12-10","c7b18184-36c0-4e82-88b7-3a638b249013.jpg"
"50","607","Possible super sunglow #boaconstrictor #snakes #snakesofinstagram #reptilesofinstagram #reptiles #boasofinstagram","2017-09-09","95149519-373a-4718-98de-4c431de403f4.jpg"
"51","604","Fresh shed 2016 sharp sunglow holdback #boaconstrictor #snakes #reptiles #boaconstrictorsofinstagram #snake #reptile #boasofinstagram #pet","2017-07-01","8352e435-e8f3-4962-865c-2abbbd2ba77d.jpg"
"52","597","A better shot of some of the red panther line VPI T+ junglow litter born the other day. Can’t wait for them to shed! #boaconstictor #boasofinstagram #reptiles #snakesofinstagram #reptile #reptilesofinstagram #motionreptiles #boas #snake #snakes","2018-05-17","1b3954ad-037a-475c-bd58-e5eeb41b5c91.jpg"
"53","593","Male VPI T+ 100% het anery #boaconstrictor #boamorph #boas #boasofig #snakesofinstagram #boasofinstagram #snake #reptile","2017-11-24","f0f34238-c936-47d1-9add-9360327c9131.jpg"
"54","587","Possible super hypo jungle het lipstick female #boaconstrictor #boasofinstagram #reptiles #snakes #reptilesofinstagram #snakesofinstagram #snakes","2017-09-09","a4d35241-6699-43ce-893c-de7f12eccbc1.jpg"
"55","584","A crazy sharp sunglow img poss jungle female. The color on this animal is ridiculous I can’t even come close to capturing it #boaconstrictor #boamorphs #boasofig #boa #boasofinstagram #boas #boamorph #motionreptiles #snakesofinstagram","2019-06-11","a0c2c4be-c643-401f-bcbf-3e1448eb2409.jpg","4bc910f4-11f8-4e6e-8cbb-9b142d106887.jpg","6f957fcf-bdb4-4841-bdc6-28b02d6ec66b.jpg"
"56","580","Some kahl siblings #boaconstrictor #boasofinstagram #reptiles #boasofig #snake #snakesofinstagram #snakes #reptile #reptilesofinstagram","2017-09-24","22004a39-3f16-40d1-bb24-92aa996229ce.jpg"
"57","578","A nice sterling litter that dropped earlier this morning! #boaconstrictor #boa #boasofinstagram #boas #boasofig #snake #snakes #reptile #reptiles","2018-05-21","0b60c4e6-9605-46be-b807-a533e4255a90.jpg"
"58","577","2017 female hytec het anery 66% het VPI T+ #boaconstrictor #boa #boas #boasofinstagram #snakes #snake #reptiles #reptile","2017-11-13","f6c1d1a4-c4e1-4b92-b7c3-b65e6ab2bbcf.jpg"
"59","574","Available: Female killer clown. This girl is bright! Taking frozen thawed and will eat anything put in front of her. DM me if interested. Thanks #snakesofinstagram #snake #ballpython #ballpythonmorph #ballpythons #ballpythonmorph","2017-10-29","1f2b66ff-584d-47ee-9da7-d097905f719f.jpg"
"60","573","2017 VPI T+ Sunglow 66% het anery hold back #boaconstrictor #boasofig #boamorph #boa #boas","2019-08-21","06aa8f87-6401-44bd-93a5-cf21e264519d.jpg","d2aff8b0-4c5f-44bb-9dfc-14156227b8d5.jpg","75efc9f7-cd8f-4196-bc7c-ad7c678c166c.jpg"
"61","571","2017 VPI T+ snowglow hold back #boaconstrictor #boamorphs #boaconstrictorsofig #boas #boasofig","2018-11-28","bab893ab-910a-420a-b2f4-d5e4c63ab442.jpg"
"62","567","One of my favorites just shed. 2016 VPI T+ #boaconstrictor #snake #boasofinstagram #boaconstrictorsofinstagram #snake #reptile #snakes #reptiles","2017-07-01","62c5d26e-052e-4ebf-95d3-fdad04ccdc30.jpg"
"63","565","Hello beautiful. 2019 VPI T+ snow female #boa #boaconstrictor #boaconstrictors #boasofinstagram #boas #boasofig #boamorph #motionreptiles","2019-07-09","33cf54f6-4603-4236-9764-601fe6f80dfb.jpg"
"64","565","2018 male red panther line VPI T+ jungle #boaconstrictor #boasofig #boaconstrictorsofinstagram #boas #boamorphs #boaconstrictors","2018-10-11","45efdc1f-c7f9-47bd-81e7-e89da34ad108.jpg"
"65","565","Awesome pattern on this jungle #boaconstrictor #boasofinstagram #boasofig #boa #snakes #reptiles #snakesofinstagram #reptile #snake #snakesofinstagram #reptilesofinstagram","2017-08-31","12aa71a2-d8b0-407c-ad28-79ce64ba2d3a.jpg"
"66","562","2017 possible super sunglow jungle male #boaconstrictor #snakes #reptiles #boasofig #boamorph #boaconstrictorsofinstagram","2017-12-01","832afa61-4bc4-4315-8ff1-59e84bbbc7a6.jpg"
"67","559","Male jungle 100% het VPI T+ #boaconstrictors #reptiles #snakes #reptile #snake #boaconstictor #boaconstrictorsofinstagram #reptilesofinstagram #boaconstrictormorphs #boamorph","2017-10-21","17f70836-5bed-48ca-9858-39c9bf6e0fe0.jpg"
"68","558","2017 RedRum 66% het VPI T+. I love this gene! So much color at such a young age. I can't wait to see what he looks like as an adult #boaconstrictor #boamorph #motionreptiles #boasofig #snakesofinstagram #boasofinstagram #snakes #reptiles #snake #reptile","2017-11-25","563bc04d-40b4-4125-bf08-5d5efedb664d.jpg"
"69","558","Available: 2017 male clown. Please DM me if interested. Thanks! #ballpython #reptilesofinstagram #snakesofig #snakesofinstagram #snakes #reptiles #reptile #ballpythonsofinstagram #ballpythonmorph #ballpythonsofig","2017-08-13","6d0d5614-b777-45e7-83d6-cfa31113660f.jpg"
"70","553","A cool pic of a misted down img beauty. I can wait to make some cool img stuff. The next season is right around the corner! #boaconstrictorsofinstagram #boasofig #boas #motionreptiles #snake #boas #boaconstrictorsofig","2018-08-01","8a930c2d-8e46-4d8f-8133-84f46c69c79b.jpg"
"71","551","VPI T+ jungle holdback #boaconstrictor #snakes #reptiles #boasofinstagram #boasofig #snakesofinstagram #snakesofinstagram #snake #reptile","2017-10-30","8735e7a5-7ce9-4ee9-8f77-711f3ce0bc60.jpg"
"72","551","Angry little VPI T+ Motley #boaconstrictor #snakesofinstagram #snake #snakes #reptiles #reptile #reptilesofinstagram #boasofinstagram","2017-08-07","8b4421a4-0e71-40a2-9f75-5b7e2547beaa.jpg"
"73","550","A pretty VPI T+ taking a bath #boaconstrictor #boasofinstagram #snakesofinstagram #reptilesofinstagram #reptiles #snakes #snake #reptile","2017-09-02","9ce233fc-6af2-4206-be18-559ff1526857.jpg"
"74","549","2019 VPI T+ sunglow motley female #boaconstrictor #boaconstrictors #boas #boa #boamorph #boasofig","2019-07-25","d898da1c-4f67-43b3-89b1-7bd2dfcbf666.jpg","69b4f619-d3fb-49fd-9750-088e5745e491.jpg"
"75","548","2017 Sharp sunglow jungle holdback #boaconstrictor #boasofig #boasofinstagram #reptile #snake #boaconstrictorsofinstagram","2017-11-17","08f8b3ac-f2dd-4a34-8ac8-36b6268d8563.jpg"
"76","546","2019 IMG VPI T+ Jungle female #boaconstrictor #boamorphs #boasofig #snakes #boasofinstagram","2020-03-02","152115e4-fc18-45e9-a2e3-96f8d5783897.jpg"
"77","541","VPI T+ red panther line female. They only get better with age! #boamorphs #boaconstrictorsofig #boas #boaconstrictorsofinstagram #boasofig #boaconstrictor","2018-11-14","e5621818-0593-45fe-9270-fe4630dbde87.jpg"
"78","541","2017 hypo jungle 100% het sharp female. Can’t believe this girls still available! Color for days!! #boaconstictor #boamorphs #boas #boasofig #boaconstrictorsofig","2018-07-06","d30e0458-eb09-4341-a34b-e9cf6ce06d82.jpg"
"79","539","RedRum 66% het VPI T+ kids starting to shed 😍 #boaconstictor #boasofig #boasofinstagram #boas #boamorphs #motionreptiles #snakes #reptiles #snake #reptile","2018-06-13","80e0880f-bdcf-46a4-87e7-f5b5819a48e2.jpg"
"80","538","Happy thanksgiving! Here's a holdback VPI T+ snowglow #boaconstrictor #boasofinstagram #boasofig #snakesofinstagram #boamorph #boas #snakes #reptiles #motionreptiles","2017-11-23","ba092d1a-e526-4b9a-b54f-0283cdd39452.jpg"
"81","535","Sterling #boaconstrictor #boasofinstagram #boamorph #boasofig #snakesofinstagram #reptilesofinstagram #snakes #reptiles #snake #reptile #reptilesofinstagram","2017-10-09","8a8c4b6f-2c33-4aba-a44d-9973c124366b.jpg"
"82","534","2017 VPI T+ jungle male from a red panther pairing with a full belly. #boaconstrictor #boasofinstagram #boasofig #boamorph #snakesofinstagram #reptilesofinstagram #snakes #reptiles #reptile #snake","2017-10-11","a9e490fd-e87b-47dd-b4df-7889dc55f49e.jpg"
"83","527","Hold back sharp albino motley beauty #boasofig #boasofinstagram #boas #boaconstrictorsofig #boamorphs","2019-05-07","a627eb71-bda7-49ce-bea7-4fecc8178768.jpg"
"84","527","This male is one of my favorite hold backs of the year. Can't wait to see him as an adult! Sharp sunglow jungle #boaconstrictor #reptiles #snakes #reptilesofinstagram #boaconstrictorsofinstagram #boaconstrictorsofig #snake #reptile","2017-10-15","460019f9-f3d9-47ee-86a3-fc193da3595a.jpg"
"85","526","Had an awesome clutch hatch out last night! OD enchi x OD enchi YB #ballpython #reptilesofinstagram #snakesofinstagram #ballpythons #ballpythonmorph #ballpythonsofig #ballpythonmorphs","2017-10-12","61e1d8df-7a34-4465-81a5-07d539b27091.jpg"
"86","526","Killer clown female #ballpython #snake #reptile #snakesofinstagram #ballpythonsofinstagram #ballpythonmorph #reptiles #snake","2017-08-21","09c7a7de-35b7-4fed-8d49-ec3147b5de17.jpg"
"87","525","2017 male poss super sunglow jungle. From both lipstick and coral lines. #boaconstrictor #boasofinstagram #snakes #reptiles #snakesofinstagram #boaconstrictorsofinstagram #boamorphs #snake #reptile","2018-01-17","c4b47388-9cc6-4e12-bceb-f2c8de9d9b62.jpg"
"88","521","2018 jungle 100% het VPI T+ male #boaconstictor #boasofig #boa #boas #boasofinstagram","2018-05-04","b09ec15f-8609-4321-9375-05a589dc54a2.jpg"
"89","521","One of my favorites in my collection. 2016 lipstick sunglow #boaconstrictor #boasofinstagram #boasofig #reptiles #snakes #snake #reptile","2017-07-13","8bacdda1-fcd1-4cd9-b309-c0fcf901e2df.jpg"
"90","520","Sharp strain #boaconstrictor #snakesofinstagram #reptiles #reptile #snakes","2017-04-28","069bbcc9-d57d-46d7-8470-04a535648d4d.jpg"
"91","519","2018 male VPI T+ sunglow jungle from red panther lines #boaconstictor #boasofig #boas #boamorph #boamorphs #boaconstrictorsofig #boaconstrictorsofinstagram #motionreptiles","2018-08-30","942d5db2-f1a4-443c-b065-5f45cc4be09e.jpg"
"92","519","2017 VPI T+ #boaconstrictor #snakes #snake #reptile #reptilesofinstagram #reptiles","2017-05-25","b8c45df3-71be-48c6-a172-faefd931cd09.jpg"
"93","518","#boaconstrictor #boasofinstagram #reptiles #snakes","2017-03-25","78b55e8f-bdc8-4572-ae18-993eb73daecd.jpg"
"94","517","2016 poss super sunglow jungle #boaconstrictor #reptilesofinstagram #snakesofinstagram #boamorph #boasofig #boasofinstagram #snake #reptile #snakes #reptiles","2017-10-10","8b86e695-bf45-4e91-9280-082048e4d93b.jpg"
"95","516","Some 2019 lipstick possible super sunglow jungles that will be available shortly. Please DM me if interested! #boasofig #boasofinstagram #boas #boaconstrictorsofig #boamorphs #boas #boa #reptile #boaconstrictors #boaconstrictor","2019-05-03","cb6f4188-934f-432d-9ebf-facdb564bf4d.jpg","14bd390c-08fa-4b94-9955-d60cafe05907.jpg","2787f41d-dcc8-4083-9fef-24500b78a8d6.jpg","2d749d69-4884-48cf-b2dc-79266ba88ce6.jpg","3c2fdbf6-bd3a-48fb-bac0-61d2c42fc2bf.jpg"
"96","515","A really clean VPI T+ #boaconstrictor #reptiles #reptile #snakes #snake #snakesofinstagram #reptilesofinstagram","2017-04-29","03ee3f02-f381-4968-b0ff-5d268b6c612a.jpg"
"97","514","Sharp #boaconstrictor #boasofinstagram #boasofig #reptilesofinstagram #snakes #reptiles","2017-09-13","f71823aa-3b02-4f2e-ab14-80978503741e.jpg"
"98","513","A good looking OD yb #ballpython #ballpythonsofinstagram #ballpythonmorph","2015-12-02","41da331c-cde3-4155-9ee2-5f97f506c529.jpg"
"99","511","Available 2019 IMG Sharp Sunglow male. Shoot me a DM! #boa #boasofig #boaconstrictors #boamorph #boasofig #boaconstrictorsofig","2019-10-02","9ec937ef-d563-45f6-8510-58c5530dad78.jpg","5fd185bf-0a31-48ff-b0b2-62c33820263a.jpg","b37b8597-b496-4cc8-b9e3-27237b660dbe.jpg"
"100","511","2017 hypo jungle 100% het VPI T+ female #boasofig #boas #boaconstrictorsofig #boamorphs #boaconstrictor","2019-04-24","01342cf0-3fca-4cdc-be3f-c72d9023ec80.jpg"
"101","507","“Want a piece of me?” No big momma just want to clean off your babies! Beautiful jungle het sharp just dropped a nice litter that I’ll post in a few #boamorphs #motionreptiles #boas #boasofinstagram #snakes #boaconstrictor","2018-06-19","76b5f44d-1c6b-4489-8ca5-ec2c05b9b7ec.jpg"
"102","506","A killer colored 2017 female sharp albino. Get a head start with quality sharp lineage with this girl. DM me if interested #boamorphs #boasofinstagram #boasofig #boas #snakes #boaconstrictorsofig #boaconstrictor","2018-06-21","9a5c3e37-c6e7-43f3-a9d0-544c31206ba1.jpg"
"103","503","2017 male possible super sunglow jungle. From a lipstick junglow x coral super sunglow pairing. #boasofinstagram #boasofig #reptiles #snake #boamorph #boaconstrictor #snakes #reptile #boas","2018-02-02","1587a401-26ba-42a4-a41e-a632010d3288.jpg"
"104","502","2017 hold back RedRum VPI T+ #boa #boaconstictor #boasofig #boasofinstagram #boas #motionreptiles #boamorphs #snakes #reptile #snake #reptiles #boamorph","2018-06-14","726edb39-13fc-4c3d-b4de-dd17998d63d2.jpg"
"105","499","Sterling #boaconstictor #boasofinstagram #boas #boasofig #boaconstictor #reptilesofinstagram #snakesofinstagram #snake #reptile","2018-06-02","58cd304a-f7bd-499d-916c-61326e5a9b5c.jpg"
"106","497","2018 sterling male! #boaconstrictor #boaconstrictors #boamorphs #boaconstrictorsofig #boas #reptile #reptiles","2018-12-05","e72edb31-a8eb-47bc-bd1b-1f7a85ba97f8.jpg"
"107","495","A gorgeous sharp albino jungle female! #boaconstrictor #snakesofinstagram #snake #snakes #reptile #reptiles #boa #boasofinstagram","2017-08-05","ee9498e9-6551-4034-9e9b-aabdbf7e1b37.jpg"
"108","494","Going to miss you little man! Safe travels. Lipstick poss super sunglow jungle #boaconstrictor #snake #snakesofinstagram #boasofig #reptile #reptilesofinstagram #boasofinstagram #snakes #reptiles #motionreptiles","2017-11-07","51cf025d-990d-43ca-9e92-22501d9fd32a.jpg"
"109","494","2017 VPI T+ jungle male #boaconstrictor #boasofinstagram #snakesofinstagram #reptiles #snakes","2017-06-10","1bb9e1ea-5d0f-4c03-8e0e-f0617bfd2c6e.jpg"
"110","493","#boaconstrictor #snakes #reptiles #reptilesofinstagram","2017-02-11","c8ba7e63-1eac-42e8-83af-1648ad96f127.jpg"
"111","490","2017 sharp albino. This girls a screamer! #boamorph #boasofinstagram #boaconstrictorsofinstagram #boa #boamorphs #snakes #snake #reptile #reptiles","2018-01-14","2cfaa022-298e-47ec-91a4-ee7b8dee0b49.jpg"
